plot,subplot,date,width_end1_cm,width_mid_cm,width_end2_cm,length_m,decay_class,tag_number,initials
C03,E,7/9/2019,12.1,14,16,9.05,1,1267,AB
C03,E,7/9/2019,11.1,12.2,15.2,5.1,4,na,AB
C03,E,7/9/2019,10.5,11.4,12.5,2.75,5,na,AB
C03,E,7/9/2019,10.8,8.9,6.7,1.35,4,na,AB
C03,E,7/9/2019,11.5,10.7,8,5.48,2,na,AB
C03,E,7/9/2019,11,10.9,10.6,2.42,2,na,AB
C03,E,7/9/2019,18.5,11.9,12,3.19,3,na,AB
C03,E,7/9/2019,11.5,13.2,10,2.65,3,na,AB
C03,E,7/9/2019,16.9,15.3,18.5,3.7,2,na,AB
C03,E,7/9/2019,19.5,18.6,16.6,4.1,3,na,AB
C03,E,7/9/2019,12.5,17,17.1,1,4,na,AB
C03,E,7/9/2019,16.5,15.2,19.7,3.82,3,na,AB
C03,E,7/9/2019,28.2,33.3,43.3,2.76,5,na,AB
C03,E,7/9/2019,35,27,28,2.76,5,na,AB
C03,E,7/9/2019,22.8,18.3,21,2.55,3,na,AB
C03,E,7/9/2019,19.6,20.9,15.7,2.9,4,na,AB
C03,E,7/9/2019,19,16.8,16.2,1.4,5,na,AB
C03,E,7/9/2019,13.2,11.4,3.5,7.19,2,na,AB
C03,E,7/9/2019,5,12,21.3,11.1,4,na,AB
C03,E,7/9/2019,9.3,10,11.5,1.96,3,na,AB
C03,E,7/9/2019,8,10.6,10.7,1.72,3,na,AB
C03,E,7/9/2019,10.1,8.8,2.9,7.2,3,na,AB
C03,E,7/9/2019,14.5,21.5,17.5,1.5,5,na,AB
C03,E,7/9/2019,16.2,8.1,5.1,8.47,4,na,AB
C03,E,7/9/2019,13.6,11,3.6,11.6,2,na,AB
C03,E,7/9/2019,17.9,12.2,4.3,10.04,2,na,AB
C03,E,7/9/2019,8.9,8.3,8,2.2,2,na,AB
C03,E,7/9/2019,13.2,9.5,4.4,12.29,1,1338,AB
C03,E,7/9/2019,12.9,13,10.2,0.6,3,na,AB
C03,E,7/9/2019,13,17,10.5,0.55,3,na,AB
C03,E,7/9/2019,10.3,11.3,12.1,0.71,2,na,AB
C04,W,7/10/2019,10.7,10.5,4.4,11.81,3,na,LH
C04,W,7/10/2019,17,9.2,3.6,12.26,2,na,LH
C04,W,7/10/2019,14.2,10.4,3.7,14.15,3,na,LH
C04,W,7/10/2019,10.6,8,3.9,9.03,3,na,LH
C04,W,7/10/2019,11.5,8.6,2.2,7.84,3,na,LH
C04,W,7/10/2019,9.7,11,17.2,3.79,4,na,LH
C04,W,7/10/2019,20.1,11.6,4,13.54,3,na,LH
C04,W,7/10/2019,9.4,8.1,5.8,4.13,3,na,LH
C04,W,7/10/2019,19.6,8.5,4.3,6.06,5,na,LH
C04,W,7/10/2019,10.3,8,4.7,8.28,3,na,LH
C04,W,7/10/2019,12.8,9.9,4.5,10.46,3,na,LH
C04,W,7/10/2019,21.5,16,3.4,13.11,3,na,LH
C04,W,7/10/2019,20.2,19,15.1,1.83,5,na,LH
C04,W,7/10/2019,10.6,9.4,9,1.6,4,na,LH
C04,W,7/10/2019,11.1,8.3,3.4,8.59,2,na,LH
C04,W,7/10/2019,15.9,12.1,3,13.72,2,na,LH
C04,W,7/10/2019,15.4,10.5,3.6,10.82,4,na,LH
C04,W,7/10/2019,9.9,8.4,5,6.79,4,na,LH
C04,W,7/10/2019,9.1,10.7,11,2.21,5,na,LH
C04,W,7/10/2019,9.5,14.7,17.1,2.77,5,na,LH
C04,W,7/10/2019,17.9,20.1,22.6,3.31,4,na,LH
C04,W,7/10/2019,14.2,11,8.7,10.18,3,na,LH
C04,W,7/10/2019,11.7,9.3,3.5,11.34,3,na,LH
C04,W,7/10/2019,10.1,8.9,2.2,14.39,2,na,LH
C04,W,7/10/2019,9.2,8,4.7,10.35,1,1460,LH
C04,W,7/10/2019,6.4,8.8,12.1,4.18,4,na,LH
C04,W,7/10/2019,6.4,11.5,13.1,10.41,2,na,LH
C04,W,7/10/2019,16.3,14.1,13.8,10.48,5,na,LH
C04,E,7/10/2019,11.4,8.8,2,11.72,2,na,LH
C04,E,7/10/2019,12.1,10,4.4,10.91,3,na,LH
C04,E,7/10/2019,16,11.7,7.1,11.04,3,na,LH
C04,E,7/10/2019,14.2,9.8,3.7,6.78,3,na,LH
C04,E,7/10/2019,9.4,8,4.9,5.37,3,na,LH
C04,E,7/10/2019,16.1,10.4,4.3,11.23,3,na,LH
C04,E,7/10/2019,12.9,10.3,3.2,7.11,3,na,LH
C04,E,7/10/2019,12.1,10,4,9.61,4,na,LH
C04,E,7/10/2019,23.6,16.5,7.9,11.54,3,na,LH
C04,E,7/10/2019,9.2,8.8,5.1,6.67,4,na,LH
C04,E,7/10/2019,19,12.7,4.1,15.62,3,na,LH
C04,E,7/10/2019,19.2,10.4,4.3,11.35,4,na,LH
C04,E,7/10/2019,13.6,9.6,2.8,8.04,3,na,LH
C04,E,7/10/2019,1.6,9.1,6,11.37,4,na,LH
C04,E,7/10/2019,12.6,12.9,12.3,1.24,4,na,LH
C04,E,7/10/2019,20.7,17.8,8.1,7.7,4,na,LH
C04,E,7/10/2019,17.8,12.6,7.4,8.48,3,na,LH
C04,E,7/10/2019,24.6,23.6,17.1,3.27,5,na,LH
C04,E,7/10/2019,20.5,15.7,6.7,16.15,3,na,LH
C04,E,7/10/2019,22.7,14.8,3,9.79,1,na,LH
C04,E,7/10/2019,10.5,11.3,16.5,4.08,4,na,LH
C04,E,7/10/2019,30.1,23.2,9,13.15,3,na,LH
C04,E,7/10/2019,11.7,11.2,5,12.27,2,1533,LH
C04,E,7/10/2019,19.8,10.6,5.2,9,3,na,LH
C01,W,7/11/2019,30.6,17.5,19.7,6.1,4,na,AB
C01,W,7/11/2019,20.9,22,18,1.77,4,na,AB
C01,W,7/11/2019,16.4,15.3,16.9,1.43,5,na,AB
C01,W,7/11/2019,11.5,14.9,15.9,1.45,5,na,AB
C01,W,7/11/2019,11.3,10.7,12.7,1.32,5,na,AB
C01,W,7/11/2019,12.6,12.7,8.1,1.87,3,na,AB
C01,W,7/11/2019,11,10.9,3.6,5.56,4,na,AB
C01,W,7/11/2019,12.6,22.1,30,2.19,5,na,AB
C01,W,7/11/2019,6,16.6,2.6,6.46,4,na,AB
C01,W,7/11/2019,7.5,13,18,3.31,5,na,AB
C01,W,7/11/2019,5,9,13,2.74,5,na,AB
C01,W,7/11/2019,35.4,28.5,13.4,10.47,3,na,AB
C01,W,7/11/2019,17.7,15.2,16,1.87,3,na,AB
C01,W,7/11/2019,12.2,14.1,13.5,0.94,4,na,AB
C01,W,7/11/2019,11.3,14.6,13.9,2.69,3,na,AB
C01,W,7/11/2019,14.3,13,14.5,1.17,2,na,AB
C01,W,7/11/2019,12.3,11.3,14.2,1.93,3,na,AB
C01,W,7/11/2019,21,19.9,11,3.1,5,na,AB
C01,W,7/11/2019,7.8,9.9,8.6,1.05,3,na,AB
C01,W,7/11/2019,14,17,16.5,1.04,4,na,AB
C01,W,7/11/2019,13.7,15.5,15,0.96,4,na,AB
C01,W,7/11/2019,10.1,11,9.8,1.03,3,na,AB
C01,W,7/11/2019,15,13.4,13.5,0.8,4,na,AB
C01,W,7/11/2019,10.6,12.5,7.9,2.41,3,na,AB
C01,W,7/11/2019,15.2,15,16,1.65,3,na,AB
C01,W,7/11/2019,13.5,12.9,15.5,1.59,5,na,AB
C01,W,7/11/2019,13.9,14.2,14.5,6.15,3,na,AB
C01,W,7/11/2019,10,12.5,12.5,3.08,3,na,AB
C01,W,7/11/2019,10.3,9.2,8.5,2.43,2,na,AB
C01,W,7/11/2019,10.8,11.4,12.5,0.85,5,na,AB
C01,W,7/11/2019,10.3,8.1,10,1.03,5,na,AB
C01,W,7/11/2019,20,24.5,28,2.53,4,na,AB
C01,W,7/11/2019,17.5,13.4,16,1.02,4,na,AB
C01,W,7/11/2019,16.5,17.8,16.9,5,4,na,AB
C01,W,7/11/2019,18,18.5,17.5,1.09,4,na,AB
C01,W,7/11/2019,12,12.1,9.3,1.09,5,na,AB
C01,W,7/11/2019,19.5,14.5,18,3.16,5,na,AB
C01,W,7/11/2019,10.6,15.8,21.5,10.52,4,na,AB
C01,W,7/11/2019,8.2,13.2,14,2.05,5,na,AB
C01,E,7/11/2019,4.1,8,10.3,9.35,3,na,LH
C01,E,7/11/2019,16.3,13.7,12.3,4.28,4,na,LH
C01,E,7/11/2019,42.9,22.7,13.8,11.09,3,na,LH
C01,E,7/11/2019,8.4,8.2,2.2,9.34,3,na,LH
C01,E,7/11/2019,9.9,10.1,9.1,2.42,4,na,LH
C01,E,7/11/2019,11.9,13.4,20,2.1,4,na,LH
C01,E,7/11/2019,14.4,11.8,6.7,2.75,5,na,LH
C01,E,7/11/2019,10.5,12.2,14.8,5.07,5,na,LH
C01,E,7/11/2019,9.4,8,2.1,8.96,3,na,LH
C01,E,7/11/2019,18.9,22.1,28.4,6.98,3,na,LH
C01,E,7/11/2019,16.9,11,10.5,2.49,4,na,LH
C01,E,7/11/2019,15.3,12,6.9,4.65,4,na,LH
C01,E,7/11/2019,19.7,21.9,24.2,5.24,3,na,LH
C01,E,7/11/2019,15.2,16.4,14.3,4.9,4,na,LH
C01,E,7/11/2019,12,15.3,17.2,3.72,5,na,LH
C01,E,7/11/2019,19.3,15,14.1,1.61,3,na,LH
C01,E,7/11/2019,10,14.2,14.2,3.6,3,na,LH
C01,E,7/11/2019,10.2,15.5,21,2.66,4,na,LH
C01,E,7/11/2019,15.2,20.8,26.1,8.43,3,na,LH
C01,E,7/11/2019,16,14.3,14.1,1.98,5,na,LH
C01,E,7/11/2019,28.4,22.4,17.1,2.74,4,na,LH
C01,E,7/11/2019,11.9,10.6,11,6.67,4,na,LH
C01,E,7/11/2019,35,29.2,24.5,9.69,3,na,LH
C01,E,7/11/2019,14.4,22,16.7,3.33,4,na,LH
C01,E,7/11/2019,26,21.6,19.4,5.72,3,na,LH
C01,E,7/11/2019,15.9,14.6,15,3.78,5,na,LH
C01,E,7/11/2019,19.7,16.7,14,2.03,3,na,LH
C01,E,7/11/2019,26.5,25,9.1,15.9,3,na,LH
C01,E,7/11/2019,13.6,10.7,4.1,11.89,3,na,LH
C01,E,7/11/2019,10.2,8.5,4.1,9.7,3,na,LH
C01,E,7/11/2019,14.8,12.7,5.2,13.55,3,na,LH
C01,E,7/11/2019,26.4,24.5,15.2,14.64,2,770,LH
C01,E,7/11/2019,17.4,18,10.7,3.46,5,na,LH
B02,E,7/11/2019,10,8.8,3.7,9.61,2,na,AB
B02,E,7/11/2019,27.3,33.2,25.3,2.95,5,na,AB
B02,E,7/11/2019,11.3,9.5,8.4,2.43,3,na,AB
B02,E,7/11/2019,8,8.5,10,1.05,3,na,AB
B02,E,7/11/2019,10.6,8.2,3.2,11.76,2,na,AB
B02,E,7/11/2019,15.8,18,18.3,1.51,4,na,AB
B02,E,7/11/2019,18,15,11,0.56,4,na,AB
B02,E,7/11/2019,23.5,18.5,16.3,6.3,5,na,AB
B02,E,7/11/2019,20.1,20.1,20.8,2.95,5,na,AB
B02,E,7/11/2019,11.5,15,9,4.52,3,na,AB
B02,E,7/11/2019,9.3,31.2,42.1,17.42,3,na,AB
B02,E,7/11/2019,22,32.3,13.3,11.6,3,na,AB
B02,E,7/11/2019,6.7,10.2,11.3,6.5,2,na,AB
B02,E,7/11/2019,5,8.5,8.8,0.95,4,na,AB
B02,E,7/11/2019,11.6,12.7,9,1.58,4,na,AB
B02,E,7/11/2019,10.3,10.3,5,4.79,3,na,AB
B02,E,7/11/2019,5.3,14.5,16,3.1,4,na,AB
B02,E,7/11/2019,17.5,22,21,2.3,4,na,AB
B02,E,7/11/2019,8.4,10.3,3.5,11.24,2,na,AB
B02,E,7/11/2019,14.7,23.9,10.9,5.84,4,na,AB
B02,E,7/11/2019,2.3,8.2,10.4,13.43,3,na,AB
B02,E,7/11/2019,9.4,8.7,7.52,6.2,2,na,AB
B02,E,7/11/2019,5,8,8.5,2.64,3,na,AB
B02,E,7/11/2019,15,14,17.9,3.95,4,na,AB
B02,E,7/11/2019,11.1,10.5,12,2.44,4,na,AB
B02,W,7/12/2019,9.9,8.1,4.2,8.24,3,na,LH
B02,W,7/12/2019,17.3,21.1,27.4,13.3,4,na,LH
B02,W,7/12/2019,17.6,23.2,25,3.15,3,na,LH
B02,W,7/12/2019,20.6,19.6,20.8,1.23,3,na,LH
B02,W,7/12/2019,30.1,24.4,20.3,8.14,5,na,LH
B02,W,7/12/2019,17.6,18.3,20.9,4.64,3,na,LH
B02,W,7/12/2019,14,12.1,8.9,3.59,3,na,LH
B02,W,7/12/2019,23.1,18,20.3,6.68,4,na,LH
B02,W,7/12/2019,13.6,11.5,9.3,4.22,4,na,LH
B02,W,7/12/2019,19.6,18,15.3,2.47,4,na,LH
B02,W,7/12/2019,20.4,16.9,16,1.33,3,na,LH
B02,W,7/12/2019,19.7,19,17.8,3.59,4,na,LH
B02,W,7/12/2019,20.1,23.2,24,7.38,4,na,LH
B02,W,7/12/2019,16.3,17.1,21.8,3.16,5,na,LH
B02,W,7/12/2019,9.9,18.7,24.5,3.72,5,na,LH
B02,W,7/12/2019,21.6,17.4,20.1,4.08,4,na,LH
B02,W,7/12/2019,27.3,18.4,13.1,16.42,2,na,LH
B02,W,7/12/2019,23.9,25.5,28,3.73,5,na,LH
B02,W,7/12/2019,20,25.9,30.7,11.07,3,1805,LH
B02,W,7/12/2019,25.4,21.1,19.1,1.88,4,na,LH
B02,W,7/12/2019,17.9,18.8,17.4,3.74,3,na,LH
B02,W,7/12/2019,17.1,14.1,13.3,10.17,3,na,LH
B01,E,7/12/2019,39.2,33,27.9,4.89,3,na,AB
B01,E,7/12/2019,24.8,29.3,31,3.22,3,na,AB
B01,E,7/12/2019,10.8,27,23,11.32,3,1705,AB
B01,E,7/12/2019,4.1,11,12.8,2.7,2,na,AB
B01,E,7/12/2019,2,8.8,4.5,10.4,2,na,AB
B01,E,7/12/2019,2.7,13,18.6,12.33,3,na,AB
B01,E,7/12/2019,11.6,16.4,19,7.75,4,na,AB
B01,E,7/12/2019,21.4,18.4,16.9,6.37,3,na,AB
B01,E,7/12/2019,10,10,6.7,4.07,3,na,AB
B01,E,7/12/2019,2,9.1,9.5,6.1,3,na,AB
B01,E,7/12/2019,12.5,9.5,3.4,6.55,2,na,AB
B01,E,7/12/2019,4,11,15,11.22,2,na,AB
B01,E,7/12/2019,8,14,14.9,3.26,5,na,AB
B01,E,7/12/2019,12.4,11.5,9.9,1.83,3,na,AB
B01,E,7/12/2019,13,11.7,8,10.1,4,na,AB
B01,E,7/12/2019,12.7,9.7,5,4.45,4,na,AB
B01,E,7/12/2019,28,64,35,3.43,5,na,AB
B01,E,7/12/2019,4.3,10.5,8.4,1.35,3,na,AB
B01,W,7/12/2019,13.6,11.1,4,16.53,2,na,AS
B01,W,7/12/2019,16.5,12.2,7,13.13,3,na,AS
B01,W,7/12/2019,10.9,10.4,2.7,13.06,3,na,AS
B01,W,7/12/2019,16.5,17.1,12.6,5.36,4,na,AS
B01,W,7/12/2019,14,13.6,12,2.41,4,na,AS
B01,W,7/12/2019,21.2,17.4,8.7,20.07,3,na,AS
B01,W,7/12/2019,9.6,11.9,13.5,7.62,2,na,AS
B01,W,7/12/2019,19.1,20.2,15.2,5.56,5,na,AS
B01,W,7/12/2019,18.2,14.7,4.2,19.49,2,na,AS
B01,W,7/12/2019,9.7,8,4.5,11.55,2,na,AS
B01,W,7/12/2019,21.1,22.1,31.8,16.78,4,na,AS
B01,W,7/12/2019,8.2,11.7,12,4.7,2,na,AS
B01,W,7/12/2019,11.1,11.4,12.4,2.31,2,na,AS
B01,W,7/12/2019,12.6,9.5,11.3,3.03,3,na,AS
B01,W,7/12/2019,25.1,25.9,35.1,10.43,1,1625,AS
B01,W,7/12/2019,29.5,25.7,23.4,3.99,5,na,AS
B01,W,7/12/2019,30,28.6,15.3,8.7,4,na,AS
B01,W,7/12/2019,12.8,13.4,12.5,1.71,4,na,AS
B01,W,7/12/2019,13.8,12.7,6,2.5,4,na,AS
B01,W,7/12/2019,19.5,15.3,15.7,0.73,4,na,AS
C02,W,7/15/2019,17.1,15,15.1,10.82,4,na,AB
C02,W,7/15/2019,13.8,16,16.7,9.02,3,na,AB
C02,W,7/15/2019,15.2,13.1,13.2,6.57,5,na,AB
C02,W,7/15/2019,17.1,13.3,10.7,8.25,5,na,AB
C02,W,7/15/2019,11.2,12,14.6,3,4,na,AB
C02,W,7/15/2019,9.1,8.2,3.4,6.02,3,na,AB
C02,W,7/15/2019,9.3,11.7,12.4,4.52,3,na,AB
C02,W,7/15/2019,14.2,14.7,15.2,6.21,4,na,AB
C02,W,7/15/2019,18.4,18.4,12.7,9.99,3,na,AB
C02,W,7/15/2019,13,17.2,16.8,10.14,4,na,AB
C02,W,7/15/2019,12.5,13.5,14,1.31,4,na,AB
C02,W,7/15/2019,8.6,7.2,3.1,6.28,3,954,AB
C02,W,7/15/2019,13.1,11.7,12.5,1.14,3,na,AB
C02,W,7/15/2019,11,11.1,11.6,1.85,3,na,AB
C02,W,7/15/2019,16.5,15.5,15,2.97,3,na,AB
C02,W,7/15/2019,12.2,12.7,11.1,3.13,4,na,AB
C02,W,7/15/2019,10.8,10.1,9.3,1.06,4,na,AB
C02,W,7/15/2019,13.2,10,12,2.92,5,na,AB
C02,W,7/15/2019,13.6,15.6,17.9,7.43,3,na,AB
C02,W,7/15/2019,21.5,23.4,32,6.85,5,na,AB
C02,W,7/15/2019,20.6,25.5,22.6,2.14,5,na,AB
C02,W,7/15/2019,3.2,8,13.4,7.18,1,na,AB
C02,W,7/15/2019,13.1,11.6,10.1,3.64,4,na,AB
C02,W,7/15/2019,17.6,16.6,20,2.95,5,na,AB
C02,W,7/15/2019,6,9.4,8.3,5.72,4,na,AB
C02,W,7/15/2019,12.5,10.7,7.9,6.98,3,na,AB
C02,W,7/15/2019,16.7,14.2,7.2,4,5,na,AB
C02,W,7/15/2019,11.9,13.4,19.5,5.71,4,na,AB
C02,W,7/15/2019,6.7,8.7,9.3,4.71,5,na,AB
C02,W,7/15/2019,10.5,9.7,7,4.11,5,na,AB
C02,W,7/15/2019,13.5,11.6,14.5,4.83,4,na,AB
C02,W,7/15/2019,12,9,10.7,4.54,4,na,AB
C02,W,7/15/2019,11.8,10.1,11.4,3.93,3,na,AB
B04,W,7/16/2019,12.5,17.7,12.1,5.66,4,na,AB
B04,W,7/16/2019,22.4,16.4,14.5,1.37,5,na,AB
B04,W,7/16/2019,27.5,25.5,15.7,3.91,4,na,AB
B04,W,7/16/2019,16,19,17,1.42,3,na,AB
B04,W,7/16/2019,25,23.7,22,1.91,3,na,AB
B04,W,7/16/2019,10.3,9.5,11.5,1.36,3,na,AB
B04,W,7/16/2019,12.6,10.6,4.5,2.49,3,na,AB
B04,W,7/16/2019,16,24.1,32,2.87,5,na,AB
B04,W,7/16/2019,18.4,27,34.5,11.57,3,na,AB
B04,W,7/16/2019,27.7,28,31.9,5.3,5,na,AB
B04,W,7/16/2019,14.5,13.5,13.7,1.62,4,na,AB
B04,W,7/16/2019,21.5,20.7,18,5.24,3,na,AB
B04,W,7/16/2019,21.3,23.8,14,16.4,3,na,AB
B04,W,7/16/2019,18.3,11.5,11.3,1.72,3,na,AB
B04,W,7/16/2019,17,17.3,20.3,2.15,3,na,AB
B04,W,7/16/2019,16.9,14.6,13.8,1.85,3,na,AB
B04,W,7/16/2019,11,9.2,3.8,6.32,2,na,AB
B04,W,7/16/2019,28.4,15.5,18,10.36,4,na,AB
B04,W,7/16/2019,7.1,8.5,8.6,2.12,3,2175,AB
B04,W,7/16/2019,9.7,12.6,24.5,2.34,5,na,AB
B04,W,7/16/2019,12.8,14,7.6,2.19,3,na,AB
B04,W,7/16/2019,11,10,9,7.11,4,na,AB
B04,W,7/16/2019,13,27,9.1,38.4,3,na,AB
B04,W,7/16/2019,13.3,11.1,11.5,1.05,3,na,AB
B04,W,7/16/2019,11.4,12,13,1.44,3,na,AB
B04,W,7/16/2019,5.4,13,3.5,5.13,4,na,AB
B04,W,7/16/2019,25,20,10.7,7.84,4,na,AB
B04,W,7/16/2019,13.8,14,12,4.75,4,na,AB
B04,W,7/16/2019,14.3,16,31.1,9.68,4,na,AB
B04,W,7/16/2019,8,12.5,21,7.75,4,na,AB
B04,W,7/16/2019,19,19.8,20.9,4.84,2,na,AB
B04,W,7/16/2019,17,14.4,12.2,6.47,3,na,AB
B04,W,7/16/2019,13,12.8,13.4,1.55,3,na,AB
B04,W,7/16/2019,15,15.5,13.5,1.36,3,na,AB
B04,W,7/16/2019,20.3,15,16.3,2.64,4,na,AB
B04,W,7/16/2019,12,9.4,7,4.65,3,na,AB
B04,W,7/16/2019,15,15,18.3,2.21,4,na,AB
B04,W,7/16/2019,14,15,14.4,1.16,3,na,AB
B04,W,7/16/2019,14,12.7,12,1.54,3,na,AB
B04,W,7/16/2019,22.7,21,18.8,6.17,2,2234,AB
B04,W,7/16/2019,19,21.4,12.4,11.62,2,2233,AB
B04,E,7/16/2019,22.7,24,21.1,6.24,3,na,LH
B04,E,7/16/2019,2.8,9.5,18,18.49,2,na,LH
B04,E,7/16/2019,19.9,19.5,19.2,1.3,3,na,LH
B04,E,7/16/2019,10.2,16.1,17.6,2.09,3,na,LH
B04,E,7/16/2019,12.2,12.2,12.2,15.7,3,na,LH
B04,E,7/16/2019,22.3,22.7,15.2,10.25,4,na,LH
B04,E,7/16/2019,17.5,17,17.3,1.34,3,na,LH
B04,E,7/16/2019,19.6,21.7,24.8,8.14,3,na,LH
B04,E,7/16/2019,9.3,10.5,11.5,4.38,5,na,LH
B04,E,7/16/2019,24,21.3,16.9,10.81,2,na,LH
B04,E,7/16/2019,3.4,11.4,15.2,6.05,2,na,LH
B04,E,7/16/2019,9.1,16.3,19.7,13.9,3,na,LH
B04,E,7/16/2019,21.4,18.3,9.7,3.78,4,na,LH
B04,E,7/16/2019,4,23.3,41.2,29,2,na,LH
B04,E,7/16/2019,14.3,12.7,11.6,4.73,4,na,LH
B04,E,7/16/2019,19,16.9,10,8.98,3,na,LH
B04,E,7/16/2019,14,15.6,16.6,1.92,2,na,LH
B04,E,7/16/2019,15.2,13,12.1,5.26,4,na,LH
B04,E,7/16/2019,9.2,8.2,7.1,3.19,5,na,LH
B04,E,7/16/2019,15.1,10.9,5.8,8.25,4,na,LH
B04,E,7/16/2019,13.6,14.7,17.5,6.95,3,na,LH
B04,E,7/16/2019,14,13.7,14.5,2.73,5,na,LH
B04,E,7/16/2019,31.6,21.9,20.2,3.81,5,na,LH
B03,E,7/16/2019,4.6,8,9.3,4.6,3,na,AB
B03,E,7/16/2019,10,10.2,9.3,1.12,3,na,AB
B03,E,7/16/2019,11.3,10,12.9,4.37,3,na,AB
B03,E,7/16/2019,39.5,47,47.5,1.64,5,na,AB
B03,E,7/16/2019,15.3,11.6,14,4.96,4,na,AB
B03,E,7/16/2019,15,18.2,18.6,5.82,4,na,AB
B03,E,7/16/2019,10,7.5,2.5,4.47,2,na,AB
B03,E,7/16/2019,12.5,14.3,9.1,2.5,3,na,AB
B03,E,7/16/2019,13.5,13,14,2.56,3,na,AB
B03,E,7/16/2019,26.1,24,21.9,4.64,3,na,AB
B03,E,7/16/2019,17.2,17.3,18.4,2.36,3,na,AB
B03,E,7/16/2019,11.7,14,13.4,1.26,3,na,AB
B03,E,7/16/2019,9.3,9,9.7,0.87,3,na,AB
B03,E,7/16/2019,7.5,8.4,8.1,1.33,3,na,AB
B03,E,7/16/2019,22.2,20.3,21.3,10.22,4,na,AB
B03,E,7/16/2019,2.1,9.1,14.4,14.42,4,na,AB
B03,E,7/16/2019,27.9,21.9,2.6,16.59,3,na,AB
B03,E,7/16/2019,29.3,25.3,16.7,14.83,2,na,AB
B03,E,7/16/2019,17,12.9,8.5,5.46,3,na,AB
B03,E,7/16/2019,22,17,5.5,6.8,2,na,AB
B03,E,7/16/2019,24.9,30,32,1.39,5,na,AB
B03,E,7/16/2019,20.4,19.2,12,10.29,3,na,AB
B03,E,7/16/2019,11.5,19.9,12.4,14.65,3,na,AB
B03,E,7/16/2019,25.9,16.8,12,12.88,1,na,AB
B03,E,7/16/2019,31.7,17.9,9.5,11.09,2,na,AB
B03,E,7/16/2019,17,21.9,24,7.05,3,na,AB
B03,E,7/16/2019,8.1,10.2,11.7,2.84,1,na,AB
B03,E,7/16/2019,15.5,14.5,15.4,1.63,4,na,AB
B03,W,7/17/2019,26,23.4,7.4,19.9,2,na,LH
B03,W,7/17/2019,21.5,16.1,5.5,18.34,2,na,LH
B03,W,7/17/2019,18.9,15,4.5,10.31,2,na,LH
B03,W,7/17/2019,12.1,8,6.1,8.22,3,na,LH
B03,W,7/17/2019,18.2,17.9,16.7,4.41,3,na,LH
B03,W,7/17/2019,17.7,18.3,18.1,2.76,3,na,LH
B03,W,7/17/2019,17.7,16.7,15.5,2.32,4,na,LH
B03,W,7/17/2019,20,21.5,23.6,7,3,na,LH
B03,W,7/17/2019,11.2,9.3,4.2,1.95,5,na,LH
B03,W,7/17/2019,36.1,21.5,9,23.8,2,2005,LH
B03,W,7/17/2019,20.1,26.1,28.6,3.73,4,na,LH
B03,W,7/17/2019,23.5,17.7,14.6,11.34,3,na,LH
B03,W,7/17/2019,10.6,8.1,6,5.76,2,na,LH
B03,W,7/17/2019,7.6,31.3,43.4,30.62,3,na,LH
B03,W,7/17/2019,22.4,21.4,13.5,2.45,5,na,LH
B03,W,7/17/2019,11.7,19.7,14,2.65,4,na,LH
B03,W,7/17/2019,31.5,34.4,42.7,2.98,5,na,LH
B03,W,7/17/2019,19.3,24,25.5,10.39,4,na,LH
B03,W,7/17/2019,42.9,32.6,15.6,22.28,2,na,LH
B03,W,7/17/2019,22,21.5,15.5,4.25,4,na,LH
B03,W,7/17/2019,22.8,20.3,23,4.2,5,na,LH
B03,W,7/17/2019,26.7,23.4,23.4,8.98,2,na,LH
B03,W,7/17/2019,24.8,22.9,20,6.26,3,na,LH
B03,W,7/17/2019,24.2,18.7,8,10.4,2,na,LH
B03,W,7/17/2019,21.6,23.4,20,3.14,5,na,LH
B03,W,7/17/2019,36,25,22.1,14.33,5,na,LH
B03,W,7/17/2019,9.5,8.2,4,9.43,3,na,LH
A03,E,7/19/2019,10,10.6,12.3,9.53,3,na,AB
A03,E,7/19/2019,19.2,21,15.5,2.36,5,na,AB
A03,E,7/19/2019,17,17.2,18.9,1.89,4,na,AB
A03,E,7/19/2019,8.6,8,7.7,1.88,2,na,AB
A03,E,7/19/2019,9.7,8.9,6.3,3.41,2,2498,AB
A03,E,7/19/2019,10.8,8.3,5.4,9.39,3,na,AB
A03,E,7/19/2019,11.8,9.5,8.4,8.24,2,2481,AB
A03,E,7/19/2019,20.5,10.9,6.9,6.7,2,na,AB
A03,E,7/19/2019,11.4,12,12.2,1.51,3,na,AB
A03,E,7/19/2019,7.2,8.4,13.3,1.83,3,na,AB
A03,E,7/19/2019,6,8.2,8.8,1.2,3,na,AB
A03,E,7/19/2019,15.7,14.8,21,5.46,4,na,AB
A03,E,7/19/2019,22.7,24.4,25.5,5.78,3,na,AB
A03,E,7/19/2019,21.7,18.8,14,7.87,4,na,AB
A03,E,7/19/2019,15,20.5,19,6.69,5,na,AB
A03,E,7/19/2019,18.5,17.9,11,3.05,4,na,AB
A03,E,7/19/2019,12.8,12.9,29.7,6.35,4,na,AB
A03,E,7/19/2019,12.6,10.5,7.3,5.45,4,na,AB
A03,E,7/19/2019,18.9,18.5,16.3,1.11,4,na,AB
A03,E,7/19/2019,20,21.5,20.5,1.42,4,na,AB
A03,E,7/19/2019,19.5,17,12.4,3.55,5,na,AB
A03,E,7/19/2019,22.5,13.8,1.8,14.23,3,na,AB
A03,E,7/19/2019,8.2,8.4,6.5,4.95,4,na,AB
A03,E,7/19/2019,13,11.4,8.5,7.68,4,na,AB
A03,E,7/19/2019,23,27.2,26.5,4.82,4,na,AB
A03,E,7/19/2019,3.3,10.5,15,7.7,3,na,AB
A03,E,7/19/2019,21.5,20,27,5.15,4,na,AB
A03,W,7/19/2019,15,20.9,22.3,5.39,3,na,LH
A03,W,7/19/2019,7,11.8,15.2,7.19,1,na,LH
A03,W,7/19/2019,15.7,17.4,24.1,6.21,3,na,LH
A03,W,7/19/2019,25.1,19.8,11,15.28,3,na,LH
A03,W,7/19/2019,37.9,33.4,26,3.35,4,na,LH
A03,W,7/19/2019,16.8,13.7,12.2,2.93,4,na,LH
A03,W,7/19/2019,12.6,12.2,11.7,3.72,4,na,LH
A03,W,7/19/2019,15.1,16.8,14.1,5.75,4,na,LH
A03,W,7/19/2019,12.3,23.4,22,9.58,5,na,LH
A03,W,7/19/2019,9.6,16.7,15,4.98,5,na,LH
A03,W,7/19/2019,13.7,15.6,22.1,5.83,4,na,LH
A03,W,7/19/2019,13.6,11.9,8.2,7.42,3,na,LH
A03,W,7/19/2019,13.4,17.5,17,6.12,3,na,LH
A03,W,7/19/2019,13.6,19.8,26.5,8.83,4,na,LH
A03,W,7/19/2019,17.6,21.5,18.7,1.23,5,na,LH
A03,W,7/19/2019,21.8,19.2,18,7.01,3,na,LH
A03,W,7/19/2019,13,14.3,16.1,4.67,3,na,LH
A03,W,7/19/2019,16.1,16,15.3,3.96,4,na,LH
A03,W,7/19/2019,18.3,14.2,9.1,3.58,4,na,LH
A03,W,7/19/2019,12.4,13.2,19.4,3.43,4,na,LH
A03,W,7/19/2019,13.1,8,4.3,5.7,1,na,LH
A03,W,7/19/2019,19.3,13.1,4.3,11.94,3,na,LH
A03,W,7/19/2019,14.5,12.1,6.6,12.92,3,na,LH
A03,W,7/19/2019,22.9,24,27.3,6.89,3,na,LH
A03,W,7/19/2019,9.4,9,5.9,3.5,3,na,LH
A03,W,7/19/2019,29.2,23.3,14.3,10.85,4,na,LH
A03,W,7/19/2019,22.3,16.5,16.4,2.56,5,na,LH
A04,W,7/22/2019,9.2,8.1,5.2,11.47,3,na,AB
A04,W,7/22/2019,12,10.7,4,14.29,3,na,AB
A04,W,7/22/2019,21.5,13.8,15.9,10.81,4,na,AB
A04,W,7/22/2019,6.5,8.4,8.3,5.72,4,na,AB
A04,W,7/22/2019,12.4,10.1,9.8,3.25,2,na,AB
A04,W,7/22/2019,9.5,10.2,9.9,1.27,1,na,AB
A04,W,7/22/2019,28.2,25.9,28,9.2,4,na,AB
A04,W,7/22/2019,12,9,4.4,12.79,2,2609,AB
A04,W,7/22/2019,4,8,13.1,12.61,2,2628,AB
A04,W,7/22/2019,6.7,9.6,13.1,13.37,2,na,AB
A04,W,7/22/2019,12,10.5,13.5,9.82,3,na,AB
A04,W,7/22/2019,21.4,31,23.5,5.56,4,na,AB
A04,W,7/22/2019,7,8.2,10.9,8.2,2,na,AB
A04,W,7/22/2019,31,25.5,29,13.72,4,na,AB
A04,W,7/22/2019,12.7,18.3,21.4,3.75,3,na,AB
A04,W,7/22/2019,11.5,12.5,12.3,1.98,3,na,AB
A04,W,7/22/2019,11.7,11.2,10.3,1.31,3,na,AB
A04,W,7/22/2019,12,8.5,5,8.76,3,na,AB
A04,W,7/22/2019,14.7,10.5,7.6,8.19,2,na,AB
A04,W,7/22/2019,7.4,11.3,3.9,10.51,2,na,AB
A04,W,7/22/2019,8.6,9,10,4,3,na,AB
A04,W,7/22/2019,31,31.8,29.8,2.51,3,na,AB
A04,W,7/22/2019,54.2,33,38.1,10.29,3,na,AB
A04,W,7/22/2019,29.3,27.7,15.2,4.82,3,na,AB
A04,W,7/22/2019,4,8.8,8.8,4.67,3,na,AB
A04,W,7/22/2019,30.5,29.4,17,14.95,4,na,AB
A04,W,7/22/2019,20.5,18.7,19.3,11.38,3,na,AB
A04,W,7/22/2019,10.2,8.2,6.8,5.2,3,na,AB
A04,W,7/22/2019,10.4,9.5,8.5,2.19,4,na,AB
A04,W,7/22/2019,3.2,8.9,13.4,13.91,3,na,AB
A04,W,7/22/2019,10.2,17.6,21.7,5.21,5,na,AB
A04,W,7/22/2019,6.1,10.4,12.3,5.07,3,na,AB
A04,W,7/22/2019,12.7,15,22.9,11.19,4,na,AB
A04,W,7/22/2019,10.8,10.7,4.1,4.06,4,na,AB
A04,W,7/22/2019,18.5,22.5,31.2,6.23,5,na,AB
A04,E,7/22/2019,26.7,32,39,7.73,3,na,LH
A04,E,7/22/2019,21.3,22.3,20.6,4.88,4,na,LH
A04,E,7/22/2019,17.5,19.3,21.8,2.64,5,na,LH
A04,E,7/22/2019,9.9,9.5,8,5.17,3,na,LH
A04,E,7/22/2019,21,26.8,27.6,5.9,4,na,LH
A04,E,7/22/2019,49.2,42.3,33.8,12.08,4,na,LH
A04,E,7/22/2019,23.2,30.2,33.3,7.36,4,na,LH
A04,E,7/22/2019,22.8,22.3,24.4,1.1,4,na,LH
A04,E,7/22/2019,9.5,8,7.6,5.94,2,na,LH
A04,E,7/22/2019,20.5,21.5,19.5,4.67,2,na,LH
A04,E,7/22/2019,46.9,28.6,10.9,27.78,3,na,LH
A04,E,7/22/2019,28,26.1,8.7,29.86,3,na,LH
A04,E,7/22/2019,28.9,24.8,8.4,4.13,3,na,LH
A04,E,7/22/2019,18.8,11.7,6.3,17.51,3,na,LH
A04,E,7/22/2019,20.6,18.2,10.7,4.5,3,na,LH
A04,E,7/22/2019,25.1,13,6.6,15.69,4,na,LH
A04,E,7/22/2019,32.5,34,29.3,2.34,4,na,LH
A04,E,7/22/2019,33.2,33,23.5,9.24,3,na,LH
A04,E,7/22/2019,21.3,22.5,22.3,4.04,4,na,LH
A04,E,7/22/2019,25.5,28.6,24.2,2.63,4,na,LH
A04,E,7/22/2019,13.2,14.2,14,2.95,5,na,LH
A04,E,7/22/2019,21,23.8,17.5,4.33,4,na,LH
A04,E,7/22/2019,12.1,16.6,18.3,8.37,4,na,LH
A04,E,7/22/2019,17.4,18.1,18.7,1.36,4,na,LH
A04,E,7/22/2019,19.2,18.6,18.3,1.9,3,na,LH
A04,E,7/22/2019,26.5,25,19.2,4.63,4,na,LH
A04,E,7/22/2019,8.7,15.6,20.6,4.18,5,na,LH
A04,E,7/22/2019,17.6,11.7,5.3,15.45,3,na,LH
A04,E,7/22/2019,22.4,19.5,19.5,4.56,4,na,LH
A04,E,7/22/2019,14.7,19.6,16.7,7.18,4,na,LH
A04,E,7/22/2019,10.4,13.7,15,9.14,3,na,LH
A04,E,7/22/2019,22.6,23.4,19.1,6.84,4,na,LH
A04,E,7/22/2019,18.5,22,19.1,11.12,4,na,LH
A04,E,7/22/2019,16.9,16.3,6.3,5.21,3,na,LH
A04,E,7/22/2019,8.8,11.9,10.7,3.66,3,na,LH
A04,E,7/22/2019,18,14.9,13.5,2.59,3,na,LH
A04,E,7/22/2019,15.4,28.5,48.1,20.86,3,na,LH
A04,E,7/22/2019,38.5,42.3,29,7.01,3,na,LH
A04,E,7/22/2019,32,27.6,22.9,7.87,4,na,LH
A04,E,7/22/2019,30.6,29.6,28.3,3.42,4,na,LH
A01,E,7/22/2019,14.3,16.2,14.1,3,4,na,AB
A01,E,7/22/2019,9.9,17.1,19,1.73,2,na,AB
A01,E,7/22/2019,16.6,20.5,17.5,4.78,2,na,AB
A01,E,7/22/2019,20.3,27.2,39.7,9.22,2,na,AB
A01,E,7/22/2019,12.1,15.9,17.5,5.6,2,na,AB
A01,E,7/22/2019,11.1,12,8.5,1.13,3,na,AB
A01,E,7/22/2019,10.7,10.9,9.8,1.26,3,na,AB
A01,E,7/22/2019,9.1,10.2,1.9,4.03,3,na,AB
A01,E,7/22/2019,11,8.9,7.5,10.96,3,na,AB
A01,E,7/22/2019,25.4,19.6,6.9,15.91,3,na,AB
A01,E,7/22/2019,21.4,22.9,7.1,4.64,4,na,AB
A01,E,7/22/2019,7.4,8.2,10.5,7.76,3,na,AB
A01,E,7/22/2019,14.2,11.2,4.9,15.8,1,na,AB
A01,E,7/22/2019,7.9,17,20.3,16.36,4,na,AB
A01,E,7/22/2019,19.5,18.5,10.4,2.95,4,na,AB
A01,E,7/22/2019,18,19.9,13,1.06,4,na,AB
A01,E,7/22/2019,10.6,9.2,5.4,10.37,3,na,AB
A01,E,7/22/2019,13.8,10.5,13.5,8.3,4,na,AB
A01,E,7/22/2019,8.4,11.6,13.9,5.93,4,na,AB
A01,E,7/22/2019,12,9.4,7.4,7.8,3,na,AB
A01,E,7/22/2019,14.9,11.6,11,1.95,3,2796,AB
A01,E,7/22/2019,12,10.7,12,1.49,3,na,AB
A01,E,7/22/2019,19.1,9.9,5.2,7.13,2,na,AB
A01,E,7/22/2019,9.8,8.1,4.8,3.52,3,na,AB
A01,E,7/22/2019,18.3,14.4,13.1,4.51,3,na,AB
A01,E,7/22/2019,13.6,11.2,14.6,2.36,3,na,AB
A01,E,7/22/2019,10.7,2.2,8.3,8.7,2,na,AB
A01,E,7/22/2019,25.1,21.1,16.7,11.16,2,na,AB
A01,E,7/22/2019,12.5,11.3,13.7,2.42,3,na,AB
A01,E,7/22/2019,16.5,15.5,9.5,3.26,4,na,AB
A01,E,7/22/2019,13,12,10.9,2.42,3,na,AB
A01,E,7/22/2019,17.5,15.2,23.5,4.52,4,na,AB
A01,E,7/22/2019,16.3,18.7,17.4,6.7,4,na,AB
A01,E,7/22/2019,25.9,23.8,16,8.45,3,na,AB
A01,E,7/22/2019,24.4,21.2,9.4,14.98,4,na,AB
A01,E,7/22/2019,14.4,11,5.3,13.15,3,na,AB
A01,E,7/22/2019,6.5,11,16.5,6.3,3,na,AB
A01,E,7/22/2019,21,17.5,13.9,1.5,4,na,AB
A01,E,7/22/2019,18.1,11.4,8.2,11.22,3,na,AB
A01,E,7/22/2019,26.5,22.3,25.5,11.64,4,na,AB
A01,E,7/22/2019,36.5,28.6,27,12.79,3,na,AB
A01,E,7/22/2019,20.2,21.1,14,9.32,4,na,AB
A01,E,7/22/2019,9.7,8.3,8.2,4.02,3,na,AB
A01,E,7/22/2019,13,10.2,9,4.92,2,2847,AB
A01,E,7/22/2019,10,8,4.9,9.93,1,2860,AB
A01,E,7/22/2019,36.8,30.7,33.7,4.1,4,na,AB
A01,E,7/22/2019,15.2,14.4,7.7,12.99,2,na,AB
A01,W,7/23/2019,24.9,18.4,6.5,23.36,1,2975,LH
A01,W,7/23/2019,19.8,19.3,19.5,6.85,3,na,LH
A01,W,7/23/2019,16.8,21.2,30.5,12.6,3,na,LH
A01,W,7/23/2019,20.7,23.6,25.5,5.45,3,na,LH
A01,W,7/23/2019,10.3,8.5,7.7,5.46,3,na,LH
A01,W,7/23/2019,10.3,8.3,5.7,11.06,2,2895,LH
A01,W,7/23/2019,8.3,15.4,22.2,6.53,4,na,LH
A01,W,7/23/2019,25.3,18.6,13.3,5.8,4,na,LH
A01,W,7/23/2019,21.1,20.9,21.3,7.13,3,na,LH
A01,W,7/23/2019,21.1,12.7,12,7.47,4,na,LH
A01,W,7/23/2019,14.3,17.3,16.7,3.44,4,na,LH
A01,W,7/23/2019,18,17,12.2,4.77,3,na,LH
A01,W,7/23/2019,15.5,17.8,21.4,2.39,3,na,LH
A01,W,7/23/2019,14.3,13.4,11.2,3.29,5,na,LH
A01,W,7/23/2019,21.5,17,17.5,4.14,5,na,LH
A01,W,7/23/2019,16.5,16.8,13.2,3.22,3,na,LH
A01,W,7/23/2019,11.2,8,4.1,4.68,3,na,LH
A01,W,7/23/2019,11.8,12,12.5,2.51,3,na,LH
A01,W,7/23/2019,17,18.5,14.6,2.9,4,na,LH
A01,W,7/23/2019,5.3,14.4,17.5,10,3,na,LH
A01,W,7/23/2019,10.5,9.8,8,2.18,3,na,LH
A01,W,7/23/2019,9,9.3,10.2,2.63,3,na,LH
A01,W,7/23/2019,16.4,20,20.6,2.87,3,na,LH
A01,W,7/23/2019,4.3,14.1,17.5,9.62,2,na,LH
A02,W,7/23/2019,16.5,15.5,17,1.59,2,na,AB
A02,W,7/23/2019,9.8,11.8,16.5,2.67,3,na,AB
A02,W,7/23/2019,6.2,8.5,11.4,4.41,3,na,AB
A02,W,7/23/2019,19.7,35.9,52.1,23.6,2,na,AB
A02,W,7/23/2019,19.4,22.5,20.3,6.82,4,na,AB
A02,W,7/23/2019,7.9,8.8,7.8,1.41,3,na,AB
A02,W,7/23/2019,14,18,11.8,0.78,4,na,AB
A02,W,7/23/2019,17,14.9,18.6,2.92,4,na,AB
A02,W,7/23/2019,5,8.5,8.4,1.08,4,na,AB
A02,W,7/23/2019,10.7,11.7,14.3,1.92,4,na,AB
A02,W,7/23/2019,11,8,2.9,13.61,2,na,AB
A02,W,7/23/2019,12.9,14.4,17,10.59,2,na,AB
A02,W,7/23/2019,14.5,31,35.5,22.65,1,3069,AB
A02,W,7/23/2019,23.3,45,27.7,1.66,3,na,AB
A02,W,7/23/2019,23.5,29.3,15,2.18,3,na,AB
A02,W,7/23/2019,22.5,27,13,2.13,3,na,AB
A02,W,7/23/2019,20.5,28.3,23.8,1.59,4,na,AB
A02,W,7/23/2019,10.4,16.7,16.6,2.51,3,na,AB
A02,W,7/23/2019,16.9,13.4,13.9,1.6,3,na,AB
A02,W,7/23/2019,25.2,35,26.1,12.25,2,na,AB
A02,W,7/23/2019,13.7,27.5,22,5.92,4,na,AB
A02,W,7/23/2019,8.7,8.9,9.6,2.3,3,na,AB
A02,W,7/23/2019,10.2,10.8,10.8,4.37,4,na,AB
A02,W,7/23/2019,28.7,25.8,42.3,3.58,4,na,AB
A02,W,7/23/2019,18.1,18.7,17.5,1.17,3,na,AB
A02,W,7/23/2019,22,21.6,23,1.85,3,na,AB
A02,W,7/23/2019,49,47.7,37.3,4.14,5,na,AB
A02,W,7/23/2019,35.6,27.2,16,21.45,2,na,AB
A02,W,7/23/2019,18,31.5,43,23.47,2,na,AB
A02,W,7/23/2019,13.5,10.6,8.9,5,1,na,AB
A02,W,7/23/2019,27.6,34.2,43.8,12.21,3,na,AB
A02,W,7/23/2019,31,22.4,16.1,11.74,4,na,AB
A02,W,7/23/2019,26.5,23.5,22.6,8.85,3,na,AB
A02,W,7/23/2019,17.4,20.4,22.2,5.89,4,na,AB
A02,W,7/23/2019,14.4,13.9,13,2.97,3,na,AB
A02,W,7/23/2019,16,16.2,17.8,2.26,3,na,AB
A02,W,7/23/2019,29.5,21.1,18.9,6.29,3,na,AB
A02,W,7/23/2019,11,9.7,11,1.94,4,na,AB
A02,W,7/23/2019,22,8.6,4.2,10.24,2,3068,AB
A02,W,7/23/2019,25.4,27,23.9,1.17,3,na,AB
A02,W,7/23/2019,24.5,23.1,18.2,14.07,1,3080,AB
A02,E,7/23/2019,9.1,8.4,10.1,2.13,4,na,LH
A02,E,7/23/2019,17.4,13.4,8.8,14.44,3,na,LH
A02,E,7/23/2019,24.1,31.5,34.6,22.63,4,na,LH
A02,E,7/23/2019,27.2,22.8,16.7,13.42,4,na,LH
A02,E,7/23/2019,24.5,21.5,22.3,12.7,5,na,LH
A02,E,7/23/2019,19.2,20.6,16.7,9.58,4,na,LH
A02,E,7/23/2019,25.8,22,21.1,3.9,3,na,LH
A02,E,7/23/2019,11.7,9.5,8.2,4.84,3,na,LH
A02,E,7/23/2019,13,17,19.4,5.72,1,na,LH
A02,E,7/23/2019,31.6,26.5,25.6,11.93,3,na,LH
A02,E,7/23/2019,25.3,29.2,31.6,4.07,3,na,LH
A02,E,7/23/2019,24.1,17.4,6.9,9.43,4,na,LH
A02,E,7/23/2019,26.6,26.1,24.1,8.32,3,na,LH
A02,E,7/23/2019,16,19.6,14,5.5,3,na,LH
A02,E,7/23/2019,15.3,14.5,15.8,8.27,3,na,LH
A02,E,7/23/2019,15.2,16.3,17,5.71,3,na,LH
A02,E,7/23/2019,17,23.4,17.5,11.43,3,na,LH
A02,E,7/23/2019,12,11.3,10.2,3.4,3,na,LH
A02,E,7/23/2019,12.2,22.4,20,11.23,4,na,LH
A02,E,7/23/2019,14.1,11.5,11.3,2.48,3,na,LH
A02,E,7/23/2019,15.1,14.7,14.5,1.19,3,na,LH
A02,E,7/23/2019,19.6,16.5,12.4,11.85,3,na,LH
A02,E,7/23/2019,14,12.6,9.1,6.95,3,na,LH
A02,E,7/23/2019,15.7,14.7,13,5.81,3,na,LH
A02,E,7/23/2019,45.5,29.1,32.4,7.33,4,na,LH
A02,E,7/23/2019,7.8,9.7,11.5,7.27,3,na,LH
A02,E,7/23/2019,17.4,17.6,16,3.45,4,na,LH
A02,E,7/23/2019,14.6,10.5,14.1,1.47,5,na,LH
A02,E,7/23/2019,21.9,22.4,24.3,5.38,3,na,LH
A02,E,7/23/2019,16.1,13.4,9,10.69,2,na,LH
A02,E,7/23/2019,11.1,27.7,28,4.74,3,na,LH
A02,E,7/23/2019,35.6,29.9,25.8,6.72,4,na,LH
A02,E,7/23/2019,16.8,15.2,19.1,3.15,5,na,LH
A02,E,7/23/2019,23.9,26.8,30.5,7.33,2,na,LH
A02,E,7/23/2019,26.3,35.1,20.9,5.88,5,na,LH
A02,E,7/23/2019,27,20.7,17.2,2.16,3,na,LH
A02,E,7/23/2019,37.2,32.5,15.6,12.91,2,na,LH
A02,E,7/23/2019,5.5,23.2,29.3,14.89,2,na,LH
A02,E,7/23/2019,31.3,24.7,23.2,2.98,3,na,LH
A02,E,7/23/2019,20.2,24.7,20,4.63,4,na,LH
A02,E,7/23/2019,17.4,11.5,7.7,4.04,3,na,LH
A02,E,7/23/2019,14.1,18.4,12,6.24,3,na,LH
A02,E,7/23/2019,36.3,29.7,25.3,2.31,4,na,LH
A02,E,7/23/2019,30.7,35.2,28.5,2.48,4,na,LH
D04,E,7/24/2019,24,15.9,16,0.73,4,na,AB
D04,E,7/24/2019,7,8,8.7,1.91,3,na,AB
D04,E,7/24/2019,8.7,10.6,3,5.19,4,na,AB
D04,E,7/24/2019,9,8.7,6.1,1.46,5,na,AB
D04,E,7/24/2019,11.7,23.8,28.8,8.28,4,na,AB
D04,E,7/24/2019,32.7,23.2,14.2,0.68,3,na,AB
D04,E,7/24/2019,9,8.7,8.4,0.63,2,na,AB
D04,E,7/24/2019,11.2,11.4,9.5,1.1,2,na,AB
D04,E,7/24/2019,41,41.7,43,0.65,2,188,AB
D04,E,7/24/2019,24.1,23,26.7,0.81,4,na,AB
D04,E,7/24/2019,32.5,19.5,2.4,14.52,1,188,AB
D04,E,7/24/2019,14.5,15.5,14.9,1.24,3,na,AB
D04,E,7/24/2019,10,9.3,6,1.83,2,na,AB
D04,E,7/24/2019,12.5,11.5,12.4,1.75,2,na,AB
D04,E,7/24/2019,10,11.7,10.7,1.23,3,na,AB
D04,E,7/24/2019,20.6,21.3,37.5,2.66,4,na,AB
D04,E,7/24/2019,8.7,8,5,1.37,3,na,AB
D04,E,7/24/2019,12.7,13,13.5,0.91,3,na,AB
D04,E,7/24/2019,15,12.9,18.1,0.63,5,na,AB
D04,E,7/24/2019,8.5,23.7,20,1.19,3,na,AB
D04,W,7/24/2019,19.8,16.6,9.6,6.49,3,na,AB
D04,W,7/24/2019,6.9,12.8,12.7,1.41,4,na,AB
D04,W,7/24/2019,8.9,15.6,19,8.81,3,na,AB
D04,W,7/24/2019,14.1,11.4,9.2,7.3,2,na,AB
D04,W,7/24/2019,8.8,9,9.6,1.47,2,na,AB
D04,W,7/24/2019,10,10.2,9.2,2.03,2,na,AB
D04,W,7/24/2019,12.8,12.3,13.2,2.73,2,na,AB
D04,W,7/24/2019,13.2,13.5,14.6,0.58,2,na,AB
D04,W,7/24/2019,7.4,8,5.3,4.12,3,na,AB
D04,W,7/24/2019,10.2,8.6,7.8,6.02,3,na,AB
D04,W,7/24/2019,7.3,9.4,12.8,3.69,3,na,AB
D04,W,7/24/2019,8.1,8.7,12.2,2.3,5,na,AB
D02,E,7/24/2019,32,10.7,6.2,8.26,3,na,AB
D02,E,7/24/2019,28.4,19,13.8,8.83,3,na,AB
D02,E,7/24/2019,4.5,14.4,25.7,1.74,4,na,AB
D02,E,7/24/2019,11.8,11,11.8,2.59,3,na,AB
D02,E,7/24/2019,8.9,8.3,3.8,10.07,3,na,AB
D02,E,7/24/2019,12.4,11.1,5.3,5.34,2,302,AB
D02,E,7/24/2019,34,25.4,25,5.24,3,na,AB
D02,E,7/24/2019,24.8,18.5,12.8,6.32,3,na,AB
D02,E,7/24/2019,6.2,10.9,13,3.44,3,na,AB
D02,E,7/24/2019,13,13,14,1.11,2,na,AB
D02,E,7/24/2019,11.3,9,4.1,4.96,3,na,AB
D02,E,7/24/2019,42.5,19.4,5.3,14.6,3,na,AB
D02,E,7/24/2019,9.5,8.5,9,1.72,3,na,AB
D02,E,7/24/2019,8.6,8.6,8.4,5.4,3,na,AB
D02,E,7/24/2019,14.5,12.3,10,1.89,4,na,AB
D02,E,7/24/2019,5.4,13.4,17.6,6.85,4,na,AB
D02,E,7/24/2019,7.4,15.3,20,11.1,3,na,AB
D02,E,7/24/2019,27.9,25,22,0.93,3,na,AB
D02,E,7/24/2019,33.5,19,29,4.69,4,na,AB
D02,E,7/24/2019,5.5,16.3,8,4.83,4,na,AB
D02,E,7/24/2019,25.4,18.9,6.3,13.35,3,na,AB
D02,E,7/24/2019,10,16.8,20.8,10.81,3,na,AB
D02,E,7/24/2019,15.4,11,4.4,5.56,4,na,AB
D02,E,7/24/2019,19.3,13.5,9.4,13.76,3,na,AB
D02,E,7/24/2019,7.6,9.2,15.3,4.8,3,na,AB
D02,E,7/24/2019,19.3,14.7,3.6,13.5,1,na,AB
D02,W,7/24/2019,6.4,9.6,20.6,8.94,4,na,AB
D02,W,7/24/2019,6.4,16.2,14.2,3.3,4,na,AB
D02,W,7/24/2019,16.4,16.4,15.8,0.55,5,na,AB
D02,W,7/24/2019,16,11.5,11,1,3,na,AB
D02,W,7/24/2019,10.2,11,8,1.45,3,na,AB
D02,W,7/24/2019,11.2,13,6,2.3,3,na,AB
D02,W,7/24/2019,9,12.5,5,11.5,4,na,AB
D02,W,7/24/2019,17.5,11,5,11.5,3,na,AB
D02,W,7/24/2019,12.5,8,4.5,7.2,3,na,AB
D02,W,7/24/2019,10,8,4,1.9,5,na,AB
D02,W,7/24/2019,17.5,18,9.5,3.25,4,na,AB
D02,W,7/24/2019,23.5,16,11,5.2,5,na,AB
D02,W,7/24/2019,8,10,18.5,6.3,4,na,AB
D02,W,7/24/2019,18,15.5,12.5,8.3,3,na,AB
D02,W,7/24/2019,18,14.5,6,8.11,3,na,AB
D02,W,7/24/2019,3.5,9,13,11.55,3,na,AB
D02,W,7/24/2019,5,14.5,14.5,15.65,3,na,AB
D02,W,7/24/2019,23,19,2.5,17.5,2,na,AB
D02,W,7/24/2019,9,11,14,8.4,4,na,AB
D02,W,7/24/2019,10,9,11,1.4,4,na,AB
D02,W,7/24/2019,11,16,16,7.2,4,na,AB
D02,W,7/24/2019,15,15.2,16,1.3,4,na,AB
D02,W,7/24/2019,10,7.5,19,10,4,na,AB
D02,W,7/24/2019,3.5,12,10.5,11.7,4,na,AB
D02,W,7/24/2019,15,10.5,4,9.6,3,na,AB
D02,W,7/24/2019,18,22.3,32,5.29,4,na,AB
D02,W,7/24/2019,19.5,14.5,17.7,5.55,3,na,AB
D02,W,7/24/2019,14.8,10.5,11.8,1.58,3,na,AB
D02,W,7/24/2019,15,11,11.8,1.15,4,na,AB
D02,W,7/24/2019,15,16.5,16,0.8,3,na,AB
D02,W,7/24/2019,12.8,13.3,15.5,0.68,4,na,AB
D02,W,7/24/2019,13.1,17.5,20.3,5.86,4,na,AB
D02,W,7/24/2019,15,9.1,3.4,7.2,3,na,AB
D02,W,7/24/2019,14.5,8.5,5,4.9,3,na,AB
D02,W,7/24/2019,3.5,13,10,3.71,4,na,AB
D02,W,7/24/2019,15.5,13,3,14.11,3,na,AB
D02,W,7/24/2019,14.3,14,9.3,1.6,4,na,AB
D02,W,7/24/2019,17.5,13.5,13,1.15,4,na,AB
D02,W,7/24/2019,22.5,16,14.5,4.96,4,na,AB
D02,W,7/24/2019,7.1,12,12,9.1,4,na,AB
D02,W,7/24/2019,9,8,1.4,6.43,4,na,AB
D02,W,7/24/2019,9,10.7,12.2,1.3,3,na,AB
D03,W,7/24/2019,10.4,9.9,8.9,1.85,2,491,AB
D03,W,7/24/2019,11.5,11.3,27.2,5.21,4,na,AB
D03,W,7/24/2019,27,21,24,2.45,5,na,AB
D03,W,7/24/2019,3.3,22.2,37,20.75,2,na,AB
D03,W,7/24/2019,15,14,9,8.05,3,na,AB
D03,W,7/24/2019,16.9,16.5,20.8,3.3,3,na,AB
D03,E,7/24/2019,4.5,10.9,16.4,10.64,2,na,AB
D03,E,7/24/2019,12.5,11.7,12.3,2.19,3,na,AB
D03,E,7/24/2019,9.2,9.5,11.9,6.01,3,na,AB
D03,E,7/24/2019,19.4,10.5,3.3,9.6,3,na,AB
D03,E,7/24/2019,23.5,18,22.4,3.78,4,na,AB
D03,E,7/24/2019,17,18.9,25.1,8.05,1,na,AB
D03,E,7/24/2019,15,20.5,15.8,5.73,3,na,AB
D03,E,7/24/2019,10,9.2,8.7,0.85,2,na,AB
D03,E,7/24/2019,10.7,11.8,12,1.3,3,na,AB
D03,E,7/24/2019,13.2,13.5,21,3.91,4,na,AB
D03,E,7/24/2019,11.9,11,10.5,2.65,2,na,AB
D03,E,7/24/2019,9,17,17.5,1.51,4,na,AB
D03,E,7/24/2019,10.8,15,13.9,1.99,3,na,AB
D03,E,7/24/2019,15.8,15.9,16,2.18,2,na,AB
D03,E,7/24/2019,10.6,12.7,15.5,4.45,2,na,AB
D03,E,7/24/2019,18.5,9.5,2.7,11.12,3,na,AB
D03,E,7/24/2019,15.6,14.5,12,2.71,2,na,AB
D03,E,7/24/2019,10,10,7,1.05,4,na,AB
D03,E,7/24/2019,9.7,8.3,1,9.4,1,482,AB
D03,E,7/24/2019,9,9.6,10.3,2.2,4,na,AB
D01,W,7/24/2019,10.2,9.2,1.7,6.26,3,na,AB
D01,W,7/24/2019,21.3,20.2,38.5,1.73,5,na,AB
D01,W,7/24/2019,6.5,16.5,40,12.8,4,na,AB
D01,W,7/24/2019,12.5,8.4,3.7,10.75,3,na,AB
D01,W,7/24/2019,17.4,15.2,12.5,8.29,3,na,AB
D01,W,7/24/2019,8.5,5.7,9.7,6.31,3,na,AB
D01,E,7/24/2019,4,15.1,20.3,12.43,2,na,AB
D01,E,7/24/2019,18.2,9.5,3.5,11.2,3,na,AB
D01,E,7/24/2019,3.7,9.9,11.4,7.78,3,na,AB
D01,E,7/24/2019,3,10,10,7.7,3,na,AB
D01,E,7/24/2019,10.2,18,26,1.9,5,na,AB
D01,E,7/24/2019,4,11.5,12,10.1,4,na,AB
D01,E,7/24/2019,24.4,19,14.5,7,4,na,AB
D01,E,7/24/2019,4,18,22,11.8,3,na,AB
D01,E,7/24/2019,15.5,11.8,4.5,10.3,3,na,AB
D01,E,7/24/2019,6,10.1,10.5,6.1,4,na,AB
D01,E,7/24/2019,9.5,8.5,3,6.74,3,na,AB
D01,E,7/24/2019,7.3,8.3,2.5,4.4,3,na,AB
D01,E,7/24/2019,24,12.5,9.5,8.76,4,na,AB
C02,E,7/25/2019,25.5,19.3,11.1,6.79,4,na,AB
C02,E,7/25/2019,12.1,9.7,4,10.3,3,na,AB
C02,E,7/25/2019,15,9.5,4.9,12.63,2,na,AB
C02,E,7/25/2019,8.9,8.3,6.5,1.97,2,na,AB
C02,E,7/25/2019,8,10.2,11.2,2.45,3,na,AB
C02,E,7/25/2019,15.3,17.1,17,3.26,2,na,LH
C02,E,7/25/2019,14.5,11,9.1,6.98,3,na,LH
C02,E,7/25/2019,9.2,9.1,8.3,2.68,3,na,LH
C02,E,7/25/2019,8.7,11.5,12.5,2.98,3,na,LH
C02,E,7/25/2019,9.1,8.9,4.7,8.23,3,na,LH
C02,E,7/25/2019,21.3,16.4,15.8,4.68,3,na,LH
C02,E,7/25/2019,7,11.2,16.3,7.35,4,na,LH
C02,E,7/25/2019,11.4,17.5,16,9.42,4,na,LH
C02,E,7/25/2019,15,10.5,6,5.51,5,na,LH
C02,E,7/25/2019,11.4,10,8.1,2.2,4,na,LH
C02,E,7/25/2019,13.8,10.5,6,12.19,3,na,LH
C02,E,7/25/2019,14.4,15.1,11.9,5.51,3,na,LH
C02,E,7/25/2019,13,14.5,18.1,2.96,4,na,LH
C02,E,7/25/2019,9.2,11,11.2,4.12,3,na,LH
C02,E,7/25/2019,12.7,13.3,12.7,5.85,3,na,LH
C02,E,7/25/2019,8.6,9,11.6,3.47,2,na,LH
C02,E,7/25/2019,14.5,13.4,10,3,4,na,LH
C02,E,7/25/2019,9.9,11,11.2,3.92,3,na,LH
C02,E,7/25/2019,29.2,18.9,8,17.95,2,na,LH
C02,E,7/25/2019,24,19.3,9.2,8.78,4,na,LH
C02,E,7/25/2019,10,13.3,18.1,12.3,2,na,LH
C02,E,7/25/2019,14.4,12.9,8.5,9.91,2,na,LH
C02,E,7/25/2019,23.4,20.3,19,3.49,2,na,LH
C03,W,7/25/2019,11.5,11.4,11,5.57,3,na,LH
C03,W,7/25/2019,22.9,19.4,8.9,15.82,3,na,LH
C03,W,7/25/2019,17.7,14.9,6.7,8.24,4,na,LH
C03,W,7/25/2019,15.4,15.9,10.1,2.89,4,na,LH
C03,W,7/25/2019,10.5,8,6.2,4.48,4,na,LH
C03,W,7/25/2019,16.5,12.1,10.6,5.83,4,na,LH
C03,W,7/25/2019,13.6,13.1,11.5,4.45,3,na,LH
C03,W,7/25/2019,7.7,10.1,11.1,7.71,4,na,LH
C03,W,7/25/2019,8,9.5,11.1,5.88,2,na,LH
C03,W,7/25/2019,9.9,14.5,13,2.75,4,na,LH
C03,W,7/25/2019,8.1,10.1,11,3.09,4,na,LH
C03,W,7/25/2019,13.3,12.4,10.9,2.02,3,na,LH
,,,,,,,,,
,,,,,,,,,
,,,,,,,,,
,,,,,,,,,
,,,,,,,,,
,,,,,,,,,
,,,,,,,,,
,,,,,,,,,
,,,,,,,,,
,,,,,,,,,
,,,,,,,,,
,,,,,,,,,
,,,,,,,,,
,,,,,,,,,
,,,,,,,,,
,,,,,,,,,
,,,,,,,,,
,,,,,,,,,
,,,,,,,,,
,,,,,,,,,
,,,,,,,,,
,,,,,,,,,
,,,,,,,,,
,,,,,,,,,
,,,,,,,,,
,,,,,,,,,
,,,,,,,,,
,,,,,,,,,
,,,,,,,,,
,,,,,,,,,
,,,,,,,,,
,,,,,,,,,
,,,,,,,,,
,,,,,,,,,
,,,,,,,,,
,,,,,,,,,
,,,,,,,,,
,,,,,,,,,
,,,,,,,,,
,,,,,,,,,
,,,,,,,,,
,,,,,,,,,
,,,,,,,,,
,,,,,,,,,
,,,,,,,,,
,,,,,,,,,
,,,,,,,,,
,,,,,,,,,
,,,,,,,,,
,,,,,,,,,
,,,,,,,,,
,,,,,,,,,
,,,,,,,,,
,,,,,,,,,
,,,,,,,,,
,,,,,,,,,
,,,,,,,,,
,,,,,,,,,
,,,,,,,,,
,,,,,,,,,
,,,,,,,,,
,,,,,,,,,
,,,,,,,,,
,,,,,,,,,
,,,,,,,,,
,,,,,,,,,
,,,,,,,,,
,,,,,,,,,
,,,,,,,,,
,,,,,,,,,
,,,,,,,,,
,,,,,,,,,
,,,,,,,,,
,,,,,,,,,
,,,,,,,,,
,,,,,,,,,
,,,,,,,,,
,,,,,,,,,
,,,,,,,,,
,,,,,,,,,
,,,,,,,,,
,,,,,,,,,
,,,,,,,,,
,,,,,,,,,
,,,,,,,,,
,,,,,,,,,
,,,,,,,,,
,,,,,,,,,
,,,,,,,,,
,,,,,,,,,
,,,,,,,,,
,,,,,,,,,
,,,,,,,,,
,,,,,,,,,
,,,,,,,,,
,,,,,,,,,
,,,,,,,,,
,,,,,,,,,
,,,,,,,,,
,,,,,,,,,
,,,,,,,,,
,,,,,,,,,
,,,,,,,,,
,,,,,,,,,
,,,,,,,,,
,,,,,,,,,
,,,,,,,,,
,,,,,,,,,
,,,,,,,,,
,,,,,,,,,
,,,,,,,,,
,,,,,,,,,
,,,,,,,,,
,,,,,,,,,
,,,,,,,,,
,,,,,,,,,
,,,,,,,,,
,,,,,,,,,
,,,,,,,,,
,,,,,,,,,
,,,,,,,,,
,,,,,,,,,
,,,,,,,,,
,,,,,,,,,
,,,,,,,,,
,,,,,,,,,
,,,,,,,,,
,,,,,,,,,
,,,,,,,,,
,,,,,,,,,
,,,,,,,,,
,,,,,,,,,
,,,,,,,,,
,,,,,,,,,
,,,,,,,,,
,,,,,,,,,
,,,,,,,,,
