date,year,project,SubplotID,nsp,ndvi,gf,open,lai,ci
7/23/2018,2018,forte,A01E,C,0.796,4.37,4.87,3.338,0.796
7/23/2018,2018,forte,A01E,N,0.827,4.26,4.69,3.286,0.72
7/23/2018,2018,forte,A01E,E,0.739,5.33,5.75,2.946,0.832
7/23/2018,2018,forte,A01E,S,0.847,3.67,4.09,3.348,0.696
7/23/2018,2018,forte,A01E,W,0.822,3.16,3.44,3.65,0.802
7/23/2018,2018,forte,A01W,C,0.792,2.9,2.94,4.41,0.824
7/23/2018,2018,forte,A01W,N,0.862,1.63,1.68,4.704,0.806
7/23/2018,2018,forte,A01W,E,0.861,1.79,1.85,4.492,0.716
7/23/2018,2018,forte,A01W,S,0.783,3.68,3.97,3.654,0.746
7/23/2018,2018,forte,A01W,W,0.786,3.7,4.17,3.482,0.778
7/23/2018,2018,forte,A02E,C,0.905,1.23,1.37,5.484,0.758
7/23/2018,2018,forte,A02E,N,0.861,2.13,2.27,4.644,0.74
7/23/2018,2018,forte,A02E,E,0.879,1.41,1.5,4.538,0.766
7/23/2018,2018,forte,A02E,S,0.86,1.42,1.38,5.81,0.772
7/23/2018,2018,forte,A02E,W,0.861,2.7,2.81,3.94,0.638
7/23/2018,2018,forte,A02W,C,0.747,5.72,6.31,2.786,0.788
7/23/2018,2018,forte,A02W,N,0.833,2.18,2.16,5.022,0.71
7/23/2018,2018,forte,A02W,E,0.874,2.86,3.21,3.898,0.702
7/23/2018,2018,forte,A02W,S,0.846,2.71,2.84,4.832,0.718
7/23/2018,2018,forte,A02W,W,0.766,5.1,5.68,3.27,0.794
7/23/2018,2018,forte,A03E,C,0.781,4.92,5.11,3.114,0.862
7/23/2018,2018,forte,A03E,N,0.847,1.57,1.61,4.444,0.746
7/23/2018,2018,forte,A03E,E,0.84,1.99,2.09,4.396,0.768
7/23/2018,2018,forte,A03E,S,0.827,2.43,2.58,4.116,0.82
7/23/2018,2018,forte,A03E,S,0.827,2.43,2.58,4.124,0.822
7/23/2018,2018,forte,A03E,W,0.841,2.38,2.47,4.084,0.752
7/23/2018,2018,forte,A03W,C,0.823,2.39,2.47,3.864,0.87
7/23/2018,2018,forte,A03W,N,0.778,4.88,5.3,2.968,0.802
7/23/2018,2018,forte,A03W,E,0.84,2.7,2.9,4.148,0.658
7/23/2018,2018,forte,A03W,S,0.883,1.62,1.79,5.04,0.796
7/23/2018,2018,forte,A03W,W,0.844,2.04,2.2,4.054,0.784
7/23/2018,2018,forte,A04E,C,0.834,3.38,3.74,3.438,0.738
7/23/2018,2018,forte,A04E,N,0.872,1.29,1.33,5.154,0.786
7/23/2018,2018,forte,A04E,E,0.823,2.23,2.31,4.684,0.864
7/23/2018,2018,forte,A04E,S,0.791,3.71,3.98,4.228,0.838
7/23/2018,2018,forte,A04E,W,0.81,3.31,3.61,3.812,0.704
7/23/2018,2018,forte,A04W,C,0.811,1.93,1.98,5.132,0.796
7/23/2018,2018,forte,A04W,N,0.807,2.2,2.35,4.068,0.85
7/23/2018,2018,forte,A04W,E,0.816,1.97,2.06,4.21,0.896
7/23/2018,2018,forte,A04W,S,0.82,2.02,2.12,4.186,0.82
7/23/2018,2018,forte,A04W,W,0.792,2.69,2.82,3.726,0.848
7/23/2018,2018,forte,B01E,C,0.832,2.04,2.21,4.09,0.836
7/23/2018,2018,forte,B01E,N,0.775,4.67,5.07,3.042,0.804
7/23/2018,2018,forte,B01E,E,0.804,3.36,3.53,3.432,0.748
7/23/2018,2018,forte,B01E,S,0.788,3.76,3.98,3.378,0.748
7/23/2018,2018,forte,B01E,W,0.8,3.82,4.17,3.396,0.782
7/23/2018,2018,forte,B01W,C,0.861,2.95,3.27,3.848,0.78
7/23/2018,2018,forte,B01W,N,0.864,2.96,3.27,3.818,0.78
7/23/2018,2018,forte,B01W,E,0.839,3.53,3.56,3.768,0.812
7/23/2018,2018,forte,B01W,S,0.801,4.68,4.84,3.404,0.854
7/23/2018,2018,forte,B01W,W,0.812,4.22,4.26,3.53,0.746
7/23/2018,2018,forte,B01W,X,0.873,2.52,2.55,4.236,0.796
7/23/2018,2018,forte,B02E,C,0.756,5.25,5.47,3.296,0.758
7/23/2018,2018,forte,B02E,N,0.681,6.56,7.04,2.722,0.884
7/23/2018,2018,forte,B02E,E,0.787,3.46,3.77,3.564,0.874
7/23/2018,2018,forte,B02E,S,0.765,4.78,5.21,3.492,0.862
7/23/2018,2018,forte,B02E,W,0.773,4.62,5.23,3.25,0.76
7/23/2018,2018,forte,B02W,C,0.805,4.04,4.1,3.562,0.826
7/23/2018,2018,forte,B02W,N,0.773,5.02,5.13,3.564,0.824
7/23/2018,2018,forte,B02W,E,0.824,3.49,3.66,3.708,0.784
7/23/2018,2018,forte,B02W,S,0.888,1.92,2.11,4.104,0.806
7/23/2018,2018,forte,B02W,W,0.746,4.9,5.07,3.102,0.888
7/23/2018,2018,forte,B03E,C,0.893,1.61,1.7,4.672,0.776
7/23/2018,2018,forte,B03E,N,0.839,2.88,3.27,3.85,0.88
7/23/2018,2018,forte,B03E,E,0.768,5.35,5.69,2.948,0.858
7/23/2018,2018,forte,B03E,S,0.791,5.04,5.34,3.036,0.824
7/23/2018,2018,forte,B03E,W,0.832,3.52,3.66,3.826,0.862
7/23/2018,2018,forte,B03W,C,0.825,3.72,4,3.51,0.784
7/23/2018,2018,forte,B03W,N,0.684,6.34,6.83,2.884,0.862
7/23/2018,2018,forte,B03W,E,0.804,4.07,4.16,3.406,0.81
7/23/2018,2018,forte,B03W,S,0.791,3.9,4.14,3.712,0.692
7/23/2018,2018,forte,B03W,W,0.825,3.16,3.37,3.842,0.732
7/23/2018,2018,forte,B04E,C,0.795,3.52,3.71,3.562,0.786
7/23/2018,2018,forte,B04E,N,0.81,3.68,3.75,3.522,0.894
7/23/2018,2018,forte,B04E,E,0.82,3.02,3.35,3.566,0.766
7/23/2018,2018,forte,B04E,S,0.724,5.08,5.27,3.266,0.902
7/23/2018,2018,forte,B04E,W,0.719,4.98,5.22,3.088,0.888
7/23/2018,2018,forte,B04W,C,0.78,4.31,4.54,3.61,0.806
7/23/2018,2018,forte,B04W,N,0.85,2.2,2.28,4.392,0.832
7/23/2018,2018,forte,B04W,E,0.717,5.44,5.96,2.976,0.882
7/23/2018,2018,forte,B04W,S,0.896,1.63,1.73,4.228,0.734
7/23/2018,2018,forte,B04W,W,0.905,1.23,1.28,4.936,0.84
7/23/2018,2018,forte,C01E,C,0.723,5.78,6.2,3.062,0.852
7/23/2018,2018,forte,C01E,E,0.706,5.54,5.73,3.19,0.824
7/23/2018,2018,forte,C01E,N,0.679,5.94,6.51,2.806,0.792
7/23/2018,2018,forte,C01E,S,0.787,4.15,4.63,4.154,0.81
7/23/2018,2018,forte,C01E,W,0.7,6.16,6.58,3.07,0.838
7/23/2018,2018,forte,C01W,C,0.692,5.44,5.78,2.946,0.806
7/23/2018,2018,forte,C01W,E,0.776,4.16,4.33,3.606,0.79
7/23/2018,2018,forte,C01W,N,0.674,6.79,7.45,2.728,0.844
7/23/2018,2018,forte,C01W,S,0.695,5.9,6.6,3.004,0.718
7/23/2018,2018,forte,C01W,W,0.646,7.44,7.77,2.862,0.784
7/23/2018,2018,forte,C02E,C,0.816,3.09,3.16,3.854,0.774
7/23/2018,2018,forte,C02E,E,0.729,3.71,4.04,3.25,0.844
7/23/2018,2018,forte,C02E,N,0.815,2.59,2.98,4.224,0.862
7/23/2018,2018,forte,C02E,S,0.738,3.37,3.68,3.45,0.822
7/23/2018,2018,forte,C02E,W,0.83,2.16,2.33,3.882,0.784
7/23/2018,2018,forte,C02W,C,0.683,4.64,5.15,3.054,0.802
7/23/2018,2018,forte,C02W,E,0.723,4.58,4.89,3.04,0.736
7/23/2018,2018,forte,C02W,N,0.831,2.89,2.88,3.984,0.804
7/23/2018,2018,forte,C02W,S,0.645,6.69,7.18,2.85,0.822
7/23/2018,2018,forte,C03E,C,0.742,3.87,4.2,3.316,0.806
7/23/2018,2018,forte,C03E,E,0.743,3.89,4.16,3.616,0.768
7/23/2018,2018,forte,C03E,N,0.729,4.56,4.78,3.188,0.842
7/23/2018,2018,forte,C03E,S,0.705,2.88,3.17,3.724,0.834
7/23/2018,2018,forte,C03E,W,0.693,4.19,4.89,3.686,0.806
7/23/2018,2018,forte,C03W,C,0.809,2.61,2.68,4.088,0.882
7/23/2018,2018,forte,C03W,E,0.684,3.92,4.31,3.454,0.836
7/23/2018,2018,forte,C03W,N,0.803,2.65,2.79,3.888,0.868
7/23/2018,2018,forte,C03W,S,0.806,3.2,3.32,3.662,0.854
7/23/2018,2018,forte,C03W,W,0.851,1.77,1.83,4.298,0.854
7/23/2018,2018,forte,C04E,C,0.76,5.45,5.51,3.25,0.882
7/23/2018,2018,forte,C04E,E,0.679,8.46,9.36,2.626,0.77
7/23/2018,2018,forte,C04E,N,0.678,6.93,7.45,2.7,0.842
7/23/2018,2018,forte,C04E,S,0.877,1.84,1.79,5.256,0.892
7/23/2018,2018,forte,C04E,W,0.789,3.79,4.03,3.454,0.846
7/23/2018,2018,forte,C04W,C,0.768,3.43,3.6,3.606,0.854
7/23/2018,2018,forte,C04W,E,0.73,3.61,3.94,3.238,0.826
7/23/2018,2018,forte,C04W,N,0.858,2.03,2.02,4.62,0.806
7/23/2018,2018,forte,C04W,S,0.782,4.07,4.26,3.494,0.844
7/23/2018,2018,forte,C04W,W,0.87,2.18,2.28,4.288,0.774
7/23/2018,2018,forte,C02W,W,0.836,2.94,2.91,4.2,0.792
7/23/2018,2018,forte,D01E,C,0.714,6.6,6.69,3.148,0.806
7/23/2018,2018,forte,D01E,E,0.723,6.22,6.43,2.946,0.796
7/23/2018,2018,forte,D01E,N,0.622,10.32,11.34,2.24,0.778
7/23/2018,2018,forte,D01E,S,0.725,6.55,6.48,3.434,0.87
7/23/2018,2018,forte,D01E,W,0.649,7.49,7.43,3.222,0.842
7/23/2018,2018,forte,D02E,C,0.738,5.61,5.84,3.002,0.904
7/23/2018,2018,forte,D02E,E,0.689,5.82,6.22,2.79,0.864
7/23/2018,2018,forte,D02E,N,0.817,3.62,3.73,3.494,0.768
7/23/2018,2018,forte,D02E,S,0.748,4.37,4.46,3.372,0.87
7/23/2018,2018,forte,D02E,W,0.697,5.08,5.54,3.01,0.856
7/23/2018,2018,forte,D01W,C,0.647,8.61,9.13,2.472,0.68
7/23/2018,2018,forte,D01W,E,0.677,7.39,7.46,2.874,0.79
7/23/2018,2018,forte,D01W,N,0.748,7.33,7.88,2.738,0.704
7/23/2018,2018,forte,D01W,S,0.655,7.56,8.18,2.61,0.832
7/23/2018,2018,forte,D01W,W,0.602,11.69,12.12,2.346,0.718
7/23/2018,2018,forte,D02W,C,0.795,3.17,3.35,3.532,0.842
7/23/2018,2018,forte,D02W,E,0.714,4.95,5.17,3.354,0.844
7/23/2018,2018,forte,D02W,N,0.856,1.79,1.89,4.148,0.836
7/23/2018,2018,forte,D02W,S,0.662,5.27,5.84,3.178,0.882
7/23/2018,2018,forte,D02W,W,0.701,5.68,5.85,2.958,0.892
7/23/2018,2018,forte,D03E,C,0.671,10.29,11,2.236,0.698
7/23/2018,2018,forte,D03E,E,0.713,7.23,7.31,3.53,0.874
7/23/2018,2018,forte,D03E,N,0.714,9.05,9.62,2.392,0.446
7/23/2018,2018,forte,D03E,S,0.828,2.74,2.72,4.366,0.814
7/23/2018,2018,forte,D03E,W,0.829,2.71,2.69,4.386,0.816
7/23/2018,2018,forte,D03W,C,0.7,6.09,6.62,2.902,0.768
7/23/2018,2018,forte,D03W,E,0.706,6.94,7.27,3.276,0.75
7/23/2018,2018,forte,D03W,N,0.649,8.77,9.4,2.79,0.816
7/23/2018,2018,forte,D03W,S,0.63,9.85,10.78,2.276,0.772
7/23/2018,2018,forte,D03W,W,0.803,4.18,4.36,3.592,0.652
7/23/2018,2018,forte,D04E,C,0.614,13,13.51,1.99,0.788
7/23/2018,2018,forte,D04E,E,0.736,5.28,5.09,4.348,0.724
7/23/2018,2018,forte,D04E,N,0.496,21.09,22.14,1.78,0.752
7/23/2018,2018,forte,D04E,S,0.472,20.74,21.79,1.516,0.698
7/23/2018,2018,forte,D04E,W,0.564,12.59,12.73,2.552,0.75
7/23/2018,2018,forte,D04W,C,0.656,10.49,10.14,3.386,0.812
7/23/2018,2018,forte,D04W,E,0.544,15.26,15.87,2.08,0.696
7/23/2018,2018,forte,D04W,N,0.441,23.29,25.68,1.22,0.466
7/23/2018,2018,forte,D04W,S,0.393,22.72,24.64,1.34,0.644
7/23/2018,2018,forte,D04W,W,0.545,15.21,15.95,1.896,0.772
6/20/2019,2019,forte,C01E,C,0.726,5.5,5.98,3.1575,0.874
6/20/2019,2019,forte,C02E,C,0.821,4.13,4.16,3.64,0.77
6/20/2019,2019,forte,C02W,C,0.716,5.02,5.63,3.1375,0.89
6/20/2019,2019,forte,C03E,C,0.649,6.63,7.31,2.73,0.828
6/20/2019,2019,forte,C03W,C,0.735,6.83,7.18,2.865,0.844
6/20/2019,2019,forte,C04E,C,0.636,12.51,13.05,2.13,0.83
6/20/2019,2019,forte,C04W,C,0.715,5.59,6.06,3.195,0.926
6/20/2019,2019,forte,D01E,C,0.623,9.84,10.39,2.4,0.898
6/20/2019,2019,forte,D02E,C,0.61,12.8,13.34,2.2875,0.828
6/20/2019,2019,forte,D03E,C,0.685,6.48,6.96,2.735,0.824
6/20/2019,2019,forte,D03W,C,0.674,9.14,9.97,2.4925,0.738
6/20/2019,2019,forte,D04W,C,0.66,10.86,10.68,3.0875,0.878
6/29/2019,2019,forte,D01E,C,0.641,7.67,7.99,2.8525,0.858
6/29/2019,2019,forte,D01E,N,0.566,8.91,9.84,2.49,0.808
6/29/2019,2019,forte,D01E,E,0.666,6.01,6.29,2.9775,0.818
6/29/2019,2019,forte,D01E,S,0.679,7.68,7.86,2.91,0.866
6/29/2019,2019,forte,D01E,W,0.582,10.79,11.05,2.4225,0.894
6/29/2019,2019,forte,D01E,W,0.582,10.82,11.06,2.4225,0.894
6/29/2019,2019,forte,D01W,C,0.543,10.63,11.47,2.24,0.754
6/29/2019,2019,forte,D01W,N,0.657,9.21,9.72,2.51,0.738
6/29/2019,2019,forte,D01W,E,0.594,9.04,9.29,2.52,0.754
6/29/2019,2019,forte,D01W,S,0.532,8.19,8.95,2.74,0.824
6/29/2019,2019,forte,D01W,W,0.512,12.3,13.03,2.175,0.74
6/28/2019,2019,forte,D02E,C,0.55,12.93,13.58,2.1,0.866
6/28/2019,2019,forte,D02E,N,0.441,14.35,15.76,1.84,0.838
6/28/2019,2019,forte,D02E,E,0.693,7.53,8.03,2.53,0.806
6/28/2019,2019,forte,D02E,S,0.54,10.98,11.86,2.2275,0.836
6/28/2019,2019,forte,D02E,W,0.44,15.43,16.63,1.73,0.876
6/28/2019,2019,forte,D02W,C,0.601,10.78,11.68,2.14,0.866
6/28/2019,2019,forte,D02W,N,0.383,18.62,20.07,1.5625,0.916
6/28/2019,2019,forte,D02W,E,0.681,9.07,9.42,2.57,0.874
6/28/2019,2019,forte,D02W,S,0.373,18,20.01,1.6275,0.862
6/28/2019,2019,forte,D02W,W,0.406,21.57,23.3,1.4075,0.832
6/29/2019,2019,forte,D03E,C,0.618,7.59,8.11,2.595,0.82
6/29/2019,2019,forte,D03E,N,0.532,11.36,12.69,2.325,0.848
6/29/2019,2019,forte,D03E,E,0.66,6.96,7.33,2.865,0.82
6/29/2019,2019,forte,D03E,S,0.47,10.67,11.86,2.225,0.836
6/29/2019,2019,forte,D03E,W,0.698,7,7.61,2.9725,0.71
6/29/2019,2019,forte,D03E,C,0.618,7.6,8.12,2.595,0.82
6/29/2019,2019,forte,D03E,E,0.66,7,7.35,2.8575,0.82
6/29/2019,2019,forte,D03E,S,0.47,10.69,11.87,2.225,0.836
6/29/2019,2019,forte,D03W,C,0.651,7.11,7.77,2.9875,0.556
6/29/2019,2019,forte,D03W,N,0.576,11.64,12.2,2.3,0.842
6/29/2019,2019,forte,D03W,E,0.791,4.61,4.7,3.685,0.842
6/29/2019,2019,forte,D03W,S,0.847,2.95,2.99,4.06,0.798
6/29/2019,2019,forte,D03W,W,0.639,6.76,6.91,3.0225,0.83
6/29/2019,2019,forte,D03W,C,0.652,7.12,7.77,2.9875,0.556
6/29/2019,2019,forte,D03W,N,0.576,11.65,12.22,2.3,0.84
6/29/2019,2019,forte,D03W,S,0.848,2.99,3.04,4.0475,0.798
6/28/2019,2019,forte,D04E,C,0.54,16.3,17.13,1.7575,0.874
6/28/2019,2019,forte,D04E,N,0.4,21.81,23.61,1.4825,0.81
6/28/2019,2019,forte,D04E,E,0.562,12.98,13.54,2.145,0.858
6/28/2019,2019,forte,D04E,S,0.405,17.03,19.01,1.74,0.636
6/28/2019,2019,forte,D04E,W,0.511,15.42,16.3,1.855,0.804
6/28/2019,2019,forte,D04W,C,0.61,13.72,13.72,2.68,0.862
6/28/2019,2019,forte,D04W,N,0.524,16.09,17.07,1.8775,0.7
6/28/2019,2019,forte,D04W,E,0.384,20.82,23.64,1.51,0.558
6/28/2019,2019,forte,D04W,S,0.407,19.64,21.61,1.5125,0.688
6/28/2019,2019,forte,D04W,W,0.43,21.54,23.17,1.4375,0.796
7/5/2019,2019,forte,A02E,N,0.915,1.29,1.38,5.1575,0.782
7/5/2019,2019,forte,A02E,E,0.883,1.42,1.57,4.6475,0.792
7/5/2019,2019,forte,A02E,S,0.866,2.15,2.19,4.62,0.85
7/5/2019,2019,forte,A02E,W,0.863,3.11,3.36,3.4975,0.768
7/5/2019,2019,forte,A02W,C,0.783,3.12,3.6,3.78,0.778
7/5/2019,2019,forte,A02W,N,0.815,2.09,2.43,4.305,0.768
7/5/2019,2019,forte,A02W,E,0.899,1.6,1.77,4.5875,0.724
7/5/2019,2019,forte,A02W,S,0.77,6.5,6.95,3.135,0.832
7/5/2019,2019,forte,A02W,W,0.735,4.28,4.88,3.36,0.828
7/5/2019,2019,forte,A03E,C,0.829,4.09,4.35,3.33,0.826
7/5/2019,2019,forte,A03E,N,0.857,3.65,3.75,3.7225,0.804
7/5/2019,2019,forte,A03E,E,0.731,8.17,8.59,2.565,0.71
7/5/2019,2019,forte,A03E,S,0.815,4.61,5.06,3.385,0.786
7/5/2019,2019,forte,A03E,W,0.764,5.44,5.84,3.145,0.778
7/5/2019,2019,forte,A03W,C,0.828,3.2,3.25,3.765,0.862
7/5/2019,2019,forte,A03W,N,0.682,7.68,8.3,2.5575,0.76
7/5/2019,2019,forte,A03W,E,0.778,5.15,5.49,3.3525,0.628
7/5/2019,2019,forte,A03W,S,0.863,2.4,2.57,4.23,0.832
7/5/2019,2019,forte,A03W,W,0.801,4.43,4.65,3.2025,0.848
7/5/2019,2019,forte,A04E,C,0.844,2.17,2.43,4.1325,0.738
7/5/2019,2019,forte,A04E,N,0.893,0.9,0.91,5.615,0.808
7/5/2019,2019,forte,A04E,E,0.852,2.52,2.65,4.3775,0.87
7/5/2019,2019,forte,A04E,S,0.829,2.99,3.24,4.235,0.82
7/5/2019,2019,forte,A04E,W,0.803,2.78,3.17,4.015,0.642
7/5/2019,2019,forte,A04E,N,0.895,0.9,0.92,5.6125,0.808
7/5/2019,2019,forte,A04W,C,0.835,2.96,3.04,4.295,0.842
7/5/2019,2019,forte,A04W,N,0.803,3.1,3.32,3.7625,0.866
7/5/2019,2019,forte,A04W,E,0.827,2.78,2.93,3.8425,0.888
7/5/2019,2019,forte,A04W,S,0.813,2.57,2.8,3.7625,0.868
7/5/2019,2019,forte,A04W,W,0.804,3.02,3.29,3.6125,0.87
7/6/2019,2019,forte,C01E,C,0.688,7.05,7.69,2.7225,0.864
7/6/2019,2019,forte,C01E,N,0.638,9.36,9.89,2.44,0.884
7/6/2019,2019,forte,C01E,E,0.664,6.75,7.48,2.68,0.884
7/6/2019,2019,forte,C01E,S,0.789,4.62,5.08,3.5125,0.816
7/6/2019,2019,forte,C01E,W,0.658,10.37,11.23,2.34,0.808
7/6/2019,2019,forte,C01W,C,0.671,6.88,7.44,2.595,0.816
7/6/2019,2019,forte,C01W,N,0.726,6.84,7.27,2.6775,0.814
7/6/2019,2019,forte,C01W,E,0.648,9.16,10.12,2.3925,0.898
7/6/2019,2019,forte,C01W,S,0.663,6.78,7.69,2.875,0.794
7/6/2019,2019,forte,C01W,W,0.626,9.45,10.14,2.3325,0.906
7/6/2019,2019,forte,C02E,C,0.815,4.34,4.44,3.5975,0.78
7/6/2019,2019,forte,C02E,N,0.712,5.09,5.64,3.01,0.91
7/6/2019,2019,forte,C02E,E,0.801,3.98,4.5,3.5925,0.878
7/6/2019,2019,forte,C02E,S,0.69,6.84,7.53,2.625,0.9
7/6/2019,2019,forte,C02E,W,0.778,4.33,4.73,3.225,0.836
7/6/2019,2019,forte,C02W,C,0.637,8.59,9.49,2.515,0.886
7/6/2019,2019,forte,C02W,N,0.695,7.26,7.71,2.6275,0.814
7/6/2019,2019,forte,C02W,E,0.781,5.28,5.39,3.1775,0.824
7/6/2019,2019,forte,C02W,S,0.614,9.23,10.01,2.4425,0.892
7/6/2019,2019,forte,C02W,W,0.808,4.47,4.48,3.5625,0.836
7/6/2019,2019,forte,C03E,C,0.674,5.97,6.64,2.86,0.83
7/6/2019,2019,forte,C03E,N,0.699,8.51,8.92,2.5875,0.834
7/6/2019,2019,forte,C03E,E,0.592,10.03,11.09,2.3275,0.848
7/6/2019,2019,forte,C03E,S,0.553,6.79,7.77,2.82,0.814
7/6/2019,2019,forte,C03E,W,0.629,7.23,8.39,2.905,0.808
7/6/2019,2019,forte,C03W,C,0.732,5.23,5.67,3.08,0.796
7/6/2019,2019,forte,C03W,N,0.603,8.82,9.68,2.5375,0.884
7/6/2019,2019,forte,C03W,E,0.747,5.28,5.82,3.075,0.894
7/6/2019,2019,forte,C03W,S,0.739,7.07,7.48,2.74,0.876
7/6/2019,2019,forte,C03W,W,0.801,3.81,4.13,3.37,0.906
7/6/2019,2019,forte,C04E,C,0.613,11.69,12.28,2.13,0.856
7/6/2019,2019,forte,C04E,N,0.522,13.64,15.43,2.265,0.79
7/6/2019,2019,forte,C04E,E,0.499,10.1,11.49,2.35,0.842
7/6/2019,2019,forte,C04E,S,0.769,6.46,6.8,3.195,0.886
7/6/2019,2019,forte,C04E,W,0.624,9.23,10.27,2.48,0.792
7/6/2019,2019,forte,C04W,C,0.677,6.75,7.38,2.845,0.93
7/6/2019,2019,forte,C04W,N,0.668,5.64,6.22,2.95,0.912
7/6/2019,2019,forte,C04W,E,0.756,7.28,7.31,3.02,0.81
7/6/2019,2019,forte,C04W,S,0.733,6.29,6.77,2.8225,0.896
7/6/2019,2019,forte,C04W,W,0.811,4.33,4.47,3.645,0.786
7/8/2019,2019,forte,A01E,C,0.767,3.83,4.3,3.5175,0.764
7/8/2019,2019,forte,A01E,N,0.812,4.9,5.47,3.155,0.738
7/8/2019,2019,forte,A01E,E,0.691,6.29,6.98,2.8,0.83
7/8/2019,2019,forte,A01E,S,0.858,3.53,3.85,3.4175,0.712
7/8/2019,2019,forte,A01E,W,0.78,5.37,5.92,3.1075,0.704
7/8/2019,2019,forte,A01E,N,0.812,4.94,5.53,3.145,0.736
7/8/2019,2019,forte,A01E,E,0.693,6.31,7.01,2.795,0.83
7/8/2019,2019,forte,A01E,W,0.782,5.4,5.97,3.0975,0.704
7/8/2019,2019,forte,A01W,C,0.774,5,5.32,3.185,0.868
7/8/2019,2019,forte,A01W,N,0.84,2.91,3.15,3.685,0.794
7/8/2019,2019,forte,A01W,E,0.823,3.94,4.29,3.5825,0.802
7/8/2019,2019,forte,A01W,S,0.774,3.99,4.31,3.24,0.818
7/8/2019,2019,forte,A01W,W,0.735,5.16,5.95,3.415,0.828
7/8/2019,2019,forte,A01W,C,0.775,5.01,5.35,3.185,0.87
7/8/2019,2019,forte,B01E,C,0.796,5.35,5.77,2.915,0.836
7/8/2019,2019,forte,B01E,N,0.765,5.78,6.39,2.8175,0.808
7/8/2019,2019,forte,B01E,E,0.757,6.96,7.44,2.66,0.846
7/8/2019,2019,forte,B01E,S,0.791,5.24,5.54,2.9725,0.79
7/8/2019,2019,forte,B01E,W,0.829,3.88,4.11,3.365,0.82
7/8/2019,2019,forte,B01W,C,0.898,2.08,2.21,4.2525,0.796
7/8/2019,2019,forte,B01W,N,0.864,3.32,3.36,4.2275,0.85
7/8/2019,2019,forte,B01W,E,0.858,3.42,3.63,3.71,0.852
7/8/2019,2019,forte,B01W,S,0.844,3.19,3.29,3.8125,0.828
7/8/2019,2019,forte,B01W,W,0.875,3.09,3.26,4.11,0.858
7/8/2019,2019,forte,B02E,C,0.829,3.92,4.13,3.5875,0.868
7/8/2019,2019,forte,B02E,N,0.742,5.99,6.54,2.815,0.77
7/8/2019,2019,forte,B02E,E,0.815,4.3,4.57,3.35,0.894
7/8/2019,2019,forte,B02E,S,0.855,3.81,4.13,3.29,0.796
7/8/2019,2019,forte,B02E,W,0.767,5.64,5.93,2.92,0.856
7/8/2019,2019,forte,B02W,C,0.759,6.25,6.74,3.0375,0.874
7/8/2019,2019,forte,B02W,N,0.705,7.83,8.69,2.65,0.864
7/8/2019,2019,forte,B02W,E,0.788,5.05,5.55,3.0825,0.86
7/8/2019,2019,forte,B02W,S,0.762,4.7,5.29,3.41,0.908
7/8/2019,2019,forte,B02W,W,0.724,5.6,6.38,3.24,0.88
7/8/2019,2019,forte,B03E,C,0.852,3.83,4.24,3.3025,0.746
7/8/2019,2019,forte,B03E,N,0.783,5.15,5.81,3.19,0.794
7/8/2019,2019,forte,B03E,E,0.83,3.77,4.1,3.355,0.916
7/8/2019,2019,forte,B03E,S,0.842,4.24,4.56,3.225,0.788
7/8/2019,2019,forte,B03E,W,0.846,3.22,3.46,3.8225,0.798
7/8/2019,2019,forte,B03W,C,0.816,4.67,4.94,3.1925,0.848
7/8/2019,2019,forte,B03W,N,0.699,6.37,7.16,2.89,0.812
7/8/2019,2019,forte,B03W,E,0.826,3.69,3.87,3.5,0.9
7/8/2019,2019,forte,B03W,S,0.767,6.15,6.58,2.9825,0.844
7/8/2019,2019,forte,B03W,W,0.832,3.84,4.07,3.415,0.772
7/8/2019,2019,forte,B04E,C,0.778,4.82,5.22,2.96,0.862
7/8/2019,2019,forte,B04E,N,0.789,4.86,5.04,3.2175,0.864
7/8/2019,2019,forte,B04E,E,0.782,4.1,4.62,3.5175,0.86
7/8/2019,2019,forte,B04E,S,0.793,4.57,4.89,3.3175,0.848
7/8/2019,2019,forte,B04E,W,0.77,5.03,5.38,3.1925,0.878
7/8/2019,2019,forte,B04W,C,0.788,4.48,4.84,3.3125,0.812
7/8/2019,2019,forte,B04W,N,0.796,3.94,4.3,3.4975,0.778
7/8/2019,2019,forte,B04W,E,0.772,5.55,6.08,3.0125,0.878
7/8/2019,2019,forte,B04W,S,0.824,4.19,4.61,3.18,0.724
7/8/2019,2019,forte,B04W,W,0.879,2.57,2.7,4.0725,0.812
7/9/2019,2019,forte,C01E,C,0.7,5.2,5.62,3.18,0.818
7/9/2019,2019,forte,C01E,N,0.626,8.24,8.62,2.5575,0.814
7/9/2019,2019,forte,C01E,E,0.681,5.57,6.17,2.96,0.856
7/9/2019,2019,forte,C01E,S,0.788,4.18,4.55,3.725,0.852
7/9/2019,2019,forte,C01E,W,0.699,6,6.52,3.03,0.818
7/9/2019,2019,forte,C01W,C,0.705,6.01,6.43,2.8075,0.762
7/9/2019,2019,forte,C01W,N,0.751,5.19,5.51,3.2125,0.78
7/9/2019,2019,forte,C01W,E,0.674,6.95,7.6,2.7775,0.808
7/9/2019,2019,forte,C01W,S,0.696,5.93,6.57,2.7925,0.738
7/9/2019,2019,forte,C01W,W,0.668,6.08,6.45,3.0125,0.846
7/9/2019,2019,forte,C01W,C,0.705,6.03,6.45,2.805,0.762
7/9/2019,2019,forte,C02E,C,0.827,2.67,2.75,4.015,0.784
7/9/2019,2019,forte,C02E,N,0.745,3.61,3.95,3.3475,0.838
7/9/2019,2019,forte,C02E,E,0.83,3,3.32,3.7375,0.81
7/9/2019,2019,forte,C02E,S,0.73,5.4,5.83,2.96,0.84
7/9/2019,2019,forte,C02E,W,0.81,3.2,3.47,3.64,0.836
7/9/2019,2019,forte,C02W,C,0.674,6.45,7.09,2.865,0.886
7/9/2019,2019,forte,C02W,N,0.726,6.13,6.46,2.82,0.838
7/9/2019,2019,forte,C02W,E,0.804,3.53,3.61,3.7025,0.838
7/9/2019,2019,forte,C02W,S,0.66,6.29,6.77,2.9075,0.84
7/9/2019,2019,forte,C02W,W,0.823,3.22,3.23,3.8225,0.802
7/9/2019,2019,forte,C03E,C,0.709,4.84,5.32,3.125,0.814
7/9/2019,2019,forte,C03E,N,0.748,4.68,4.94,3.385,0.848
7/9/2019,2019,forte,C03E,E,0.638,7.66,8.42,2.655,0.676
7/9/2019,2019,forte,C03E,S,0.607,6.22,6.98,2.835,0.602
7/9/2019,2019,forte,C03E,W,0.696,6.57,7.32,2.685,0.586
7/9/2019,2019,forte,C03E,E,0.639,7.71,8.45,2.6525,0.676
7/9/2019,2019,forte,C03E,S,0.609,6.25,7,2.83,0.602
7/9/2019,2019,forte,C03W,C,0.766,4.17,4.41,3.485,0.692
7/9/2019,2019,forte,C03W,N,0.632,7.14,7.74,2.7425,0.828
7/9/2019,2019,forte,C03W,E,0.761,4.72,5.2,3.26,0.872
7/9/2019,2019,forte,C03W,S,0.764,4.64,4.89,3.32,0.878
7/9/2019,2019,forte,C03W,W,0.818,3.13,3.37,3.6575,0.888
7/9/2019,2019,forte,C03W,C,0.767,4.19,4.43,3.48,0.692
7/9/2019,2019,forte,C03W,S,0.764,4.67,4.92,3.31,0.878
7/9/2019,2019,forte,C04E,C,0.642,9.05,9.49,2.4875,0.726
7/9/2019,2019,forte,C04E,N,0.557,12.33,13.75,2.2825,0.588
7/9/2019,2019,forte,C04E,E,0.545,9.96,11.02,2.1825,0.734
7/9/2019,2019,forte,C04E,S,0.783,4.27,4.45,3.7775,0.86
7/9/2019,2019,forte,C04E,W,0.67,7.79,8.58,2.615,0.714
7/9/2019,2019,forte,C04E,N,0.561,12.46,13.84,2.2625,0.588
7/9/2019,2019,forte,C04E,S,0.783,4.3,4.47,3.775,0.86
7/9/2019,2019,forte,C04W,C,0.732,4.31,4.64,3.4475,0.874
7/9/2019,2019,forte,C04W,N,0.726,3.58,3.9,3.5025,0.822
7/9/2019,2019,forte,C04W,E,0.789,4.36,4.42,3.6225,0.746
7/9/2019,2019,forte,C04W,S,0.773,3.64,3.89,3.43,0.868
7/9/2019,2019,forte,C04W,W,0.834,3.42,3.51,4.21,0.836
7/9/2019,2019,forte,C04W,C,0.732,4.32,4.65,3.445,0.874
7/9/2019,2019,forte,D01E,C,0.699,5.66,6.16,3.0625,0.858
7/9/2019,2019,forte,D01E,N,0.651,6.99,8,2.93,0.83
7/9/2019,2019,forte,D01E,E,0.704,5.84,6.26,2.8025,0.86
7/9/2019,2019,forte,D01E,S,0.721,5.5,5.83,3.2525,0.85
7/9/2019,2019,forte,D01E,W,0.65,9.62,9.96,2.41,0.81
7/9/2019,2019,forte,D01E,E,0.705,5.87,6.29,2.7975,0.86
7/9/2019,2019,forte,D01W,C,0.662,6.93,7.55,2.6725,0.696
7/9/2019,2019,forte,D01W,N,0.725,7.61,8.43,2.74,0.738
7/9/2019,2019,forte,D01W,E,0.69,5.09,5.43,2.98,0.816
7/9/2019,2019,forte,D01W,S,0.654,6.23,6.92,2.935,0.706
7/9/2019,2019,forte,D01W,W,0.622,9.39,10.01,2.485,0.774
7/9/2019,2019,forte,D01W,C,0.661,6.99,7.62,2.6625,0.694
7/9/2019,2019,forte,D01W,S,0.655,6.26,6.95,2.9325,0.706
7/9/2019,2019,forte,D01W,W,0.623,9.44,10.08,2.4775,0.774
7/9/2019,2019,forte,D02E,C,0.592,8.61,9.08,2.56,0.856
7/9/2019,2019,forte,D02E,N,0.495,8.62,9.59,2.5375,0.602
7/9/2019,2019,forte,D02E,E,0.728,5.23,5.67,2.93,0.776
7/9/2019,2019,forte,D02E,S,0.59,7.68,8.32,2.6875,0.808
7/9/2019,2019,forte,D02E,W,0.487,11.13,12,2.095,0.822
7/9/2019,2019,forte,D02E,N,0.495,8.67,9.65,2.5325,0.602
7/9/2019,2019,forte,D02E,S,0.591,7.74,8.38,2.67,0.808
7/9/2019,2019,forte,D02W,C,0.616,10.1,10.93,2.2525,0.858
7/9/2019,2019,forte,D02W,N,0.416,16.18,17.38,1.7225,0.802
7/9/2019,2019,forte,D02W,E,0.724,5.45,5.74,2.99,0.816
7/9/2019,2019,forte,D02W,S,0.38,16.55,18.38,1.71,0.686
7/9/2019,2019,forte,D02W,W,0.41,17.47,18.62,1.7,0.694
7/9/2019,2019,forte,D02W,S,0.38,16.7,18.55,1.6925,0.686
7/9/2019,2019,forte,D02W,W,0.412,17.57,18.75,1.685,0.694
7/9/2019,2019,forte,D03E,C,0.632,7.82,8.53,2.525,0.764
7/9/2019,2019,forte,D03E,N,0.529,12.01,13.58,2.23,0.828
7/9/2019,2019,forte,D03E,E,0.662,7.26,7.71,2.755,0.848
7/9/2019,2019,forte,D03E,S,0.506,10.91,12.21,2.2275,0.616
7/9/2019,2019,forte,D03E,W,0.727,7.42,8.04,2.79,0.732
7/9/2019,2019,forte,D03E,E,0.663,7.3,7.75,2.75,0.848
7/9/2019,2019,forte,D03E,S,0.506,10.97,12.26,2.2275,0.618
7/9/2019,2019,forte,D03W,C,0.661,9.12,10.02,2.47,0.66
7/9/2019,2019,forte,D03W,N,0.598,6.46,7.06,2.8575,0.638
7/9/2019,2019,forte,D03W,E,0.81,3.65,3.83,3.725,0.778
7/9/2019,2019,forte,D03W,S,0.864,2.03,2.08,4.55,0.766
7/9/2019,2019,forte,D03W,W,0.628,8.6,9.05,2.4875,0.846
7/9/2019,2019,forte,D03W,N,0.6,6.49,7.09,2.855,0.64
7/9/2019,2019,forte,D04E,C,0.586,8.3,8.91,2.595,0.584
7/9/2019,2019,forte,D04E,N,0.434,12.8,14.05,2.115,0.386
7/9/2019,2019,forte,D04E,E,0.629,5.74,5.98,3.125,0.83
7/9/2019,2019,forte,D04E,S,0.449,10.64,11.83,2.23,0.448
7/9/2019,2019,forte,D04E,W,0.574,8.47,8.89,2.715,0.64
7/9/2019,2019,forte,D04E,C,0.588,8.33,8.95,2.59,0.584
7/9/2019,2019,forte,D04E,S,0.45,10.72,11.93,2.2175,0.446
7/9/2019,2019,forte,D04E,W,0.576,8.48,8.91,2.7075,0.64
7/9/2019,2019,forte,D04W,C,0.693,4.77,4.81,3.88,0.74
7/9/2019,2019,forte,D04W,N,0.589,9.55,10.27,2.5375,0.52
7/9/2019,2019,forte,D04W,E,0.389,12.32,14.09,2.13,0.418
7/9/2019,2019,forte,D04W,S,0.444,16.32,17.81,1.6725,0.62
7/9/2019,2019,forte,D04W,W,0.412,14.49,15.68,1.88,0.636
7/9/2019,2019,forte,D04W,C,0.694,4.79,4.85,3.87,0.74
7/9/2019,2019,forte,D04W,N,0.589,9.62,10.35,2.5225,0.518
7/9/2019,2019,forte,D04W,S,0.445,16.41,17.9,1.665,0.62
7/9/2019,2019,forte,D04W,W,0.415,14.66,15.89,1.8525,0.634
7/12/2019,2019,forte,A01E,C,0.672,8.4,9.04,2.715,0.77
7/12/2019,2019,forte,A01E,N,0.77,5.79,6.38,2.9375,0.712
7/12/2019,2019,forte,A01E,E,0.633,6.31,7,2.7825,0.852
7/12/2019,2019,forte,A01E,S,0.846,5.39,5.43,3.32,0.666
7/12/2019,2019,forte,A01E,W,0.726,10.3,10.39,2.6525,0.612
7/12/2019,2019,forte,A01W,C,0.716,9.28,9.15,3.2975,0.79
7/12/2019,2019,forte,A01W,N,0.83,5.17,5.24,3.475,0.756
7/12/2019,2019,forte,A01W,E,0.756,8.8,8.59,3.285,0.84
7/12/2019,2019,forte,A01W,S,0.714,7.63,7.97,2.615,0.77
7/12/2019,2019,forte,A01W,W,0.569,11.41,12.28,2.1975,0.824
7/12/2019,2019,forte,A02E,C,0.951,0.95,0.98,6.0025,0.802
7/12/2019,2019,forte,A02E,N,0.906,1.47,1.55,4.8,0.714
7/12/2019,2019,forte,A02E,E,0.89,1.8,1.97,4.335,0.82
7/12/2019,2019,forte,A02E,S,0.852,2.43,2.47,4.2725,0.81
7/12/2019,2019,forte,A02E,W,0.858,4,4.32,3.4425,0.704
7/12/2019,2019,forte,A02W,C,0.738,7.75,8.21,3.4025,0.794
7/12/2019,2019,forte,A02W,N,0.801,3.02,3.37,3.965,0.81
7/12/2019,2019,forte,A02W,E,0.942,1.91,1.97,4.825,0.74
7/12/2019,2019,forte,A02W,S,0.758,9.51,9.15,3.5975,0.78
7/12/2019,2019,forte,A02W,W,0.729,7.6,8.34,2.885,0.696
7/12/2019,2019,forte,A03E,C,0.818,5.04,5.27,3.25,0.738
7/12/2019,2019,forte,A03E,N,0.876,3.89,3.7,4.24,0.794
7/12/2019,2019,forte,A03E,E,0.715,7.27,7.78,2.6625,0.794
7/12/2019,2019,forte,A03E,S,0.765,6.16,6.74,2.975,0.734
7/12/2019,2019,forte,A03E,W,0.724,9.66,9.91,2.4125,0.712
7/12/2019,2019,forte,A03W,C,0.822,5.21,5.13,3.47,0.786
7/12/2019,2019,forte,A03W,N,0.664,11.91,12.06,2.4275,0.73
7/12/2019,2019,forte,A03W,E,0.798,8.3,8.47,3.1075,0.58
7/12/2019,2019,forte,A03W,S,0.849,4.21,4.44,3.295,0.8
7/12/2019,2019,forte,A03W,W,0.817,3.31,3.59,3.415,0.864
7/12/2019,2019,forte,A04E,C,0.858,2.06,2.22,4.2675,0.852
7/12/2019,2019,forte,A04E,N,0.893,3.49,3.4,4.1025,0.76
7/12/2019,2019,forte,A04E,E,0.799,7.19,7.19,3.54,0.806
7/12/2019,2019,forte,A04E,S,0.852,3.41,3.56,3.72,0.632
7/12/2019,2019,forte,A04E,W,0.784,7.64,7.5,3.615,0.82
7/12/2019,2019,forte,A04W,C,0.8,5.76,5.85,3.565,0.78
7/12/2019,2019,forte,A04W,N,0.769,5.37,5.67,3.15,0.834
7/12/2019,2019,forte,A04W,E,0.795,3.47,3.73,3.45,0.91
7/12/2019,2019,forte,A04W,S,0.754,4.63,4.97,3.295,0.852
7/12/2019,2019,forte,A04W,W,0.746,7.22,7.28,2.94,0.892
7/12/2019,2019,forte,B01E,C,0.824,6.2,6.37,2.9075,0.652
7/12/2019,2019,forte,B01E,N,0.63,12.96,13.27,2.1475,0.832
7/12/2019,2019,forte,B01E,E,0.646,12.71,12.53,2.375,0.846
7/12/2019,2019,forte,B01E,S,0.762,7.58,7.54,3.03,0.744
7/12/2019,2019,forte,B01E,W,0.791,7.49,7.51,3.015,0.686
7/12/2019,2019,forte,B01W,C,0.882,2.45,2.57,3.855,0.844
7/12/2019,2019,forte,B01W,N,0.859,3.13,3.23,3.795,0.79
7/12/2019,2019,forte,B01W,E,0.843,3.9,4.25,3.525,0.822
7/12/2019,2019,forte,B01W,S,0.823,4.32,4.47,3.29,0.8
7/12/2019,2019,forte,B01W,W,0.888,2.29,2.39,4.1575,0.862
7/12/2019,2019,forte,B02E,C,0.781,8.09,8,2.9875,0.804
7/12/2019,2019,forte,B02E,C,0.781,8.09,8,2.9875,0.804
7/12/2019,2019,forte,B02E,N,0.639,10.54,10.86,2.4925,0.858
7/12/2019,2019,forte,B02E,E,0.77,7.94,7.97,2.845,0.778
7/12/2019,2019,forte,B02E,S,0.808,6.38,6.49,3.1775,0.858
7/12/2019,2019,forte,B02E,W,0.726,7.44,7.59,2.8925,0.94
7/12/2019,2019,forte,B02W,C,0.701,12.27,12.36,2.3975,0.742
7/12/2019,2019,forte,B02W,N,0.596,13.79,14.21,2.1,0.81
7/12/2019,2019,forte,B02W,E,0.731,8.8,9.03,2.6375,0.82
7/12/2019,2019,forte,B02W,S,0.702,10.64,11.18,2.51,0.836
7/12/2019,2019,forte,B02W,W,0.62,12.6,13.45,2.0625,0.81
7/12/2019,2019,forte,B03E,C,0.796,8.05,8.39,2.6475,0.684
7/12/2019,2019,forte,B03E,N,0.721,9.44,10.2,2.47,0.796
7/12/2019,2019,forte,B03E,E,0.727,11.18,10.9,2.6025,0.86
7/12/2019,2019,forte,B03E,S,0.799,6.06,6.55,2.7875,0.758
7/12/2019,2019,forte,B03E,W,0.805,4.82,5.08,3.315,0.878
7/12/2019,2019,forte,B03W,C,0.765,8.78,8.68,2.8525,0.848
7/12/2019,2019,forte,B03W,N,0.643,8.19,9.08,2.6325,0.856
7/12/2019,2019,forte,B03W,E,0.771,6.03,6.27,2.9925,0.874
7/12/2019,2019,forte,B03W,S,0.68,13.03,12.84,2.565,0.79
7/12/2019,2019,forte,B03W,W,0.762,8.05,8.23,3.115,0.73
7/12/2019,2019,forte,B04E,C,0.698,9.4,9.55,2.6175,0.83
7/12/2019,2019,forte,B04E,N,0.777,8.15,7.88,3.025,0.85
7/12/2019,2019,forte,B04E,E,0.697,11.12,11.62,2.145,0.802
7/12/2019,2019,forte,B04E,S,0.752,5.33,5.59,3.09,0.856
7/12/2019,2019,forte,B04E,W,0.696,9.9,9.83,2.77,0.89
7/12/2019,2019,forte,B04W,C,0.742,8.72,8.78,2.75,0.77
7/12/2019,2019,forte,B04W,N,0.757,5.59,5.96,3.0975,0.828
7/12/2019,2019,forte,B04W,E,0.722,7.51,8.15,2.625,0.818
7/12/2019,2019,forte,B04W,S,0.809,4.52,4.97,3.095,0.762
7/12/2019,2019,forte,B04W,W,0.872,4.28,4.15,4.425,0.768
7/16/2019,2019,forte,A01E,C,0.682,8.4,9.28,2.45,0.762
7/16/2019,2019,forte,A01E,N,0.728,7.9,8.24,2.66,0.616
7/16/2019,2019,forte,A01E,E,0.656,8.37,8.83,2.6225,0.68
7/16/2019,2019,forte,A01E,S,0.876,4.46,4.96,3.8275,0.636
7/16/2019,2019,forte,A01E,W,0.777,5.14,5.28,3.3025,0.654
7/16/2019,2019,forte,A01E,N,0.735,8.17,8.56,2.6075,0.614
7/16/2019,2019,forte,A01W,C,0.785,3.47,3.33,4.5975,0.786
7/16/2019,2019,forte,A01W,N,0.862,1.04,1.1,4.775,0.8
7/16/2019,2019,forte,A01W,E,0.809,3.52,3.45,4.57,0.776
7/16/2019,2019,forte,A01W,S,0.777,1.87,2.08,4.35,0.758
7/16/2019,2019,forte,A01W,W,0.66,6.07,6.61,3.165,0.712
7/16/2019,2019,forte,A01W,C,0.787,3.56,3.43,4.5525,0.786
7/16/2019,2019,forte,A01W,W,0.661,6.18,6.66,3.14,0.712
7/16/2019,2019,forte,A02E,C,0.952,1.28,1.35,4.9025,0.698
7/16/2019,2019,forte,A02E,N,0.933,1.28,1.31,5.7825,0.73
7/16/2019,2019,forte,A02E,E,0.907,1.16,1.3,4.895,0.77
7/16/2019,2019,forte,A02E,S,0.895,1.28,1.39,4.7025,0.746
7/16/2019,2019,forte,A02E,W,0.873,2.34,2.56,4.0075,0.73
7/16/2019,2019,forte,A02W,C,0.777,6.33,6.97,3.0775,0.7
7/16/2019,2019,forte,A02W,N,0.861,4.07,4.47,3.23,0.688
7/16/2019,2019,forte,A02W,E,0.941,1.79,2,5.0225,0.724
7/16/2019,2019,forte,A02W,S,0.752,8.65,8.53,3.8725,0.804
7/16/2019,2019,forte,A02W,W,0.743,7.24,7.98,3.245,0.63
7/16/2019,2019,forte,A03E,C,0.796,4.57,4.81,3.34,0.666
7/16/2019,2019,forte,A03E,N,0.891,3.28,3.21,4.01,0.728
7/16/2019,2019,forte,A03E,E,0.696,11.43,11.06,2.725,0.734
7/16/2019,2019,forte,A03E,S,0.789,5.33,5.84,3.0575,0.764
7/16/2019,2019,forte,A03E,W,0.718,9.45,9.63,2.48,0.658
7/16/2019,2019,forte,A03E,C,0.808,4.28,4.49,3.4025,0.684
7/16/2019,2019,forte,A03E,E,0.699,11.72,11.29,2.685,0.732
7/16/2019,2019,forte,A03W,C,0.825,2.9,3.04,3.825,0.766
7/16/2019,2019,forte,A03W,N,0.679,10.35,10.85,2.3825,0.682
7/16/2019,2019,forte,A03W,E,0.768,6.84,7.26,2.9,0.552
7/16/2019,2019,forte,A03W,S,0.841,3.18,3.4,3.955,0.784
7/16/2019,2019,forte,A03W,W,0.789,5.74,5.87,3.04,0.614
7/16/2019,2019,forte,A04E,C,0.88,2.12,2.35,4.7075,0.678
7/16/2019,2019,forte,A04E,N,0.91,1.05,1.01,5.9225,0.736
7/16/2019,2019,forte,A04E,E,0.831,3.39,3.25,4.7975,0.788
7/16/2019,2019,forte,A04E,S,0.851,2.3,2.52,4.7875,0.858
7/16/2019,2019,forte,A04E,W,0.886,2.62,2.84,3.8175,0.612
7/16/2019,2019,forte,A04W,C,0.859,2.59,2.6,4.52,0.728
7/16/2019,2019,forte,A04W,N,0.83,1.86,1.98,4.68,0.83
7/16/2019,2019,forte,A04W,E,0.86,1.7,1.71,4.7225,0.814
7/16/2019,2019,forte,A04W,S,0.836,1.71,1.84,4.5825,0.73
7/16/2019,2019,forte,A04W,W,0.828,2.07,2.05,4.6725,0.824
7/16/2019,2019,forte,B01E,C,0.86,3.13,3.12,3.895,0.662
7/16/2019,2019,forte,B01E,N,0.678,6.78,7.04,2.8975,0.766
7/16/2019,2019,forte,B01E,E,0.735,5.03,4.96,3.5175,0.784
7/16/2019,2019,forte,B01E,S,0.806,2.11,2.26,4.005,0.664
7/16/2019,2019,forte,B01E,W,0.836,4.44,4.56,3.8825,0.664
7/16/2019,2019,forte,B01E,S,0.808,2.12,2.28,3.9975,0.664
7/16/2019,2019,forte,B01W,C,0.898,2.58,2.78,4.07,0.734
7/16/2019,2019,forte,B01W,N,0.906,1.58,1.54,5.0325,0.744
7/16/2019,2019,forte,B01W,E,0.855,1.83,2.01,4.3325,0.82
7/16/2019,2019,forte,B01W,S,0.899,2.01,1.91,5.1525,0.764
7/16/2019,2019,forte,B01W,W,0.916,1.58,1.62,4.945,0.758
7/16/2019,2019,forte,B02E,C,0.849,3.74,3.73,3.6875,0.782
7/16/2019,2019,forte,B02E,N,0.754,4.08,4.36,3.275,0.846
7/16/2019,2019,forte,B02E,E,0.714,7.91,7.93,2.8675,0.786
7/16/2019,2019,forte,B02E,S,0.876,1.82,1.93,4.2425,0.75
7/16/2019,2019,forte,B02E,W,0.755,3.46,3.58,3.595,0.854
7/16/2019,2019,forte,B02E,W,0.757,3.49,3.63,3.5725,0.854
7/16/2019,2019,forte,B02W,C,0.756,4.89,5.3,3.2025,0.684
7/16/2019,2019,forte,B02W,N,0.635,7.61,7.84,2.7975,0.772
7/16/2019,2019,forte,B02W,E,0.783,3.45,3.47,4.0525,0.736
7/16/2019,2019,forte,B02W,S,0.649,9.04,9.5,2.635,0.79
7/16/2019,2019,forte,B02W,W,0.492,13.01,13.62,2.045,0.784
7/16/2019,2019,forte,B03E,C,0.828,4.68,4.93,3.4,0.644
7/16/2019,2019,forte,B03E,N,0.743,6.23,6.94,2.8875,0.774
7/16/2019,2019,forte,B03E,E,0.748,5.56,5.59,3.38,0.814
7/16/2019,2019,forte,B03E,S,0.847,3.09,3.12,4.05,0.802
7/16/2019,2019,forte,B03E,W,0.871,2.62,2.61,4.9475,0.842
7/16/2019,2019,forte,B03W,C,0.834,2.32,2.44,3.9425,0.774
7/16/2019,2019,forte,B03W,N,0.65,6.06,6.74,3.0025,0.802
7/16/2019,2019,forte,B03W,E,0.816,3.02,3.15,3.7375,0.784
7/16/2019,2019,forte,B03W,S,0.751,5.82,5.78,3.6825,0.708
7/16/2019,2019,forte,B03W,W,0.802,5.1,5.15,3.545,0.732
7/16/2019,2019,forte,B03W,E,0.818,3.04,3.18,3.7275,0.784
7/16/2019,2019,forte,B04E,C,0.692,6.01,6.01,3.3625,0.732
7/16/2019,2019,forte,B04E,N,0.79,4.21,4.14,3.7675,0.752
7/16/2019,2019,forte,B04E,E,0.749,5.97,6.26,2.82,0.75
7/16/2019,2019,forte,B04E,S,0.824,2.99,3.06,3.865,0.794
7/16/2019,2019,forte,B04E,W,0.771,2.97,2.89,4.415,0.818
7/16/2019,2019,forte,B04E,W,0.773,3.01,2.94,4.4,0.818
7/16/2019,2019,forte,B04W,C,0.774,3.08,3.31,3.67,0.8
7/16/2019,2019,forte,B04W,N,0.803,4,4.16,3.5225,0.692
7/16/2019,2019,forte,B04W,E,0.731,6,5.91,3.3975,0.718
7/16/2019,2019,forte,B04W,S,0.819,2.45,2.64,3.8775,0.83
7/16/2019,2019,forte,B04W,W,0.89,1.31,1.39,5.3025,0.82
7/17/2019,2019,forte,C02E,C,0.84,2.45,2.46,4.2975,0.824
7/17/2019,2019,forte,C02E,N,0.738,2.93,3.18,3.6325,0.888
7/17/2019,2019,forte,C02E,E,0.793,5.29,5.57,3.0925,0.78
7/17/2019,2019,forte,C02E,S,0.739,3.46,3.74,3.35,0.87
7/17/2019,2019,forte,C02E,W,0.775,4.84,5.11,3.4075,0.766
7/17/2019,2019,forte,C02W,C,0.654,5.5,6.07,3.03,0.89
7/17/2019,2019,forte,C02W,N,0.704,5.45,5.82,2.97,0.786
7/17/2019,2019,forte,C02W,E,0.848,4.46,4.21,4,0.828
7/17/2019,2019,forte,C02W,S,0.629,9.67,9.67,3.055,0.836
7/17/2019,2019,forte,C02W,W,0.896,2.36,2.27,4.5875,0.766
7/17/2019,2019,forte,C03E,C,0.687,7.58,7.99,2.8425,0.75
7/17/2019,2019,forte,C03E,N,0.748,5.88,5.88,3.5325,0.694
7/17/2019,2019,forte,C03E,E,0.545,9.66,9.65,2.61,0.682
7/17/2019,2019,forte,C03E,S,0.509,7.74,8.51,2.8525,0.616
7/17/2019,2019,forte,C03E,W,0.556,11.58,12.71,2.405,0.588
7/17/2019,2019,forte,C03W,C,0.773,6.5,6.71,3.115,0.62
7/17/2019,2019,forte,C03W,N,0.583,10.56,10.62,2.8225,0.828
7/17/2019,2019,forte,C03W,E,0.733,7.54,7.93,2.795,0.794
7/17/2019,2019,forte,C03W,S,0.764,6.23,6.11,3.5325,0.84
7/17/2019,2019,forte,C03W,W,0.84,3.75,3.88,3.49,0.8
7/17/2019,2019,forte,C04E,C,0.603,13.62,13.05,2.6475,0.812
7/17/2019,2019,forte,C04E,N,0.288,26.51,27.66,1.29,0.432
7/17/2019,2019,forte,C04E,E,0.308,18.72,19.59,1.6475,0.662
7/17/2019,2019,forte,C04E,S,0.821,5.44,5.18,3.9325,0.794
7/17/2019,2019,forte,C04E,W,0.609,9.19,9.87,2.425,0.738
7/17/2019,2019,forte,C04E,C,0.671,6.24,6.56,2.8925,0.78
7/17/2019,2019,forte,C04E,N,0.643,9.24,9.01,2.8975,0.82
7/17/2019,2019,forte,C04E,E,0.683,4.38,4.82,3.2625,0.848
7/17/2019,2019,forte,C04E,S,0.781,6.75,7.24,3.19,0.796
7/17/2019,2019,forte,C04E,W,0.622,9.75,9.7,2.7725,0.788
7/17/2019,2019,forte,C04W,C,0.715,4.52,4.62,3.3375,0.864
7/17/2019,2019,forte,C04W,N,0.706,3.31,3.54,3.7925,0.868
7/17/2019,2019,forte,C04W,E,0.799,3.06,3,4.3,0.762
7/17/2019,2019,forte,C04W,S,0.771,4.69,4.67,3.665,0.872
7/17/2019,2019,forte,C04W,W,0.816,3.11,3.18,3.8575,0.792
7/17/2019,2019,forte,C04W,C,0.71,7.19,7.45,3.07,0.7
7/17/2019,2019,forte,C04W,N,0.76,7.43,7.27,3.3225,0.732
7/17/2019,2019,forte,C04W,E,0.683,5.03,5.56,3.295,0.838
7/17/2019,2019,forte,C04W,S,0.7,4.77,5.31,3.44,0.782
7/17/2019,2019,forte,C04W,W,0.647,5.83,5.82,3.675,0.784
7/17/2019,2019,forte,D01E,C,0.701,7.32,7.41,2.92,0.836
7/17/2019,2019,forte,D01E,N,0.636,5.08,5.79,3.325,0.814
7/17/2019,2019,forte,D01E,E,0.713,6.49,6.59,3.055,0.77
7/17/2019,2019,forte,D01E,S,0.695,8.06,8.01,3.1075,0.766
7/17/2019,2019,forte,D01E,W,0.652,6.95,7.12,2.945,0.8
7/17/2019,2019,forte,D01W,C,0.671,3.7,3.93,3.58,0.76
7/17/2019,2019,forte,D01W,N,0.666,13.28,13.57,2.21,0.572
7/17/2019,2019,forte,D01W,E,0.717,3.84,3.72,4.085,0.654
7/17/2019,2019,forte,D01W,S,0.655,3.63,4.01,3.6125,0.728
7/17/2019,2019,forte,D01W,W,0.575,11.21,10.64,3.29,0.708
7/17/2019,2019,forte,D02E,C,0.583,8.11,7.97,3.1475,0.794
7/17/2019,2019,forte,D02E,N,0.481,5.54,6.1,2.925,0.642
7/17/2019,2019,forte,D02E,E,0.707,8.18,8.43,2.745,0.624
7/17/2019,2019,forte,D02E,S,0.553,10.13,10.84,2.5475,0.734
7/17/2019,2019,forte,D02E,W,0.355,16.5,16.43,2.1,0.706
7/17/2019,2019,forte,D02W,C,0.626,12.96,12.99,2.24,0.792
7/17/2019,2019,forte,D02W,N,0.251,15.95,15.94,2.17,0.762
7/17/2019,2019,forte,D02W,E,0.755,3.64,3.4,4.4275,0.698
7/17/2019,2019,forte,D02W,S,0.112,18.29,18.6,1.96,0.568
7/17/2019,2019,forte,D02W,W,0.378,12.29,13.17,2.1825,0.52
7/17/2019,2019,forte,D02W,W,0.379,12.36,13.25,2.1675,0.518
7/17/2019,2019,forte,D03E,C,0.593,9.38,9.6,2.6475,0.746
7/17/2019,2019,forte,D03E,N,0.52,10.12,11.38,2.6025,0.838
7/17/2019,2019,forte,D03E,E,0.644,6.09,6.37,3.17,0.804
7/17/2019,2019,forte,D03E,S,0.354,14.72,15.51,1.9,0.712
7/17/2019,2019,forte,D03E,W,0.717,5.94,6.46,3.075,0.702
7/17/2019,2019,forte,D03W,C,0.633,12.74,12.76,2.4325,0.504
7/17/2019,2019,forte,D03W,N,0.574,11.27,11.2,2.555,0.744
7/17/2019,2019,forte,D03W,E,0.868,2.27,2.24,4.76,0.824
7/17/2019,2019,forte,D03W,S,0.905,1.65,1.55,5.09,0.776
7/17/2019,2019,forte,D03W,W,0.675,7.2,6.9,3.435,0.81
7/17/2019,2019,forte,D03W,C,0.633,12.74,12.76,2.4325,0.504
7/17/2019,2019,forte,D04E,C,0.577,6.54,6.82,3.0225,0.598
7/17/2019,2019,forte,D04E,N,0.283,19.34,20.46,1.745,0.402
7/17/2019,2019,forte,D04E,E,0.646,5.1,5.19,3.3675,0.848
7/17/2019,2019,forte,D04E,S,0.245,14.74,14.56,2.3725,0.416
7/17/2019,2019,forte,D04E,W,0.597,4.47,4.59,3.7025,0.62
7/17/2019,2019,forte,D04E,N,0.283,19.34,20.46,1.745,0.402
7/17/2019,2019,forte,D04E,S,0.245,14.74,14.56,2.3725,0.416
7/17/2019,2019,forte,D04W,C,0.78,2.07,1.87,6.6125,0.784
7/17/2019,2019,forte,D04W,N,0.51,14.17,13.9,3.0525,0.57
7/17/2019,2019,forte,D04W,S,0.181,28.9,28.32,1.4625,0.788
7/17/2019,2019,forte,D04W,W,0.193,20.5,20.53,1.845,0.554
7/24/2019,2019,forte,A01E,C,0.725,6.79,7.3,2.635,0.83
7/24/2019,2019,forte,A01E,N,0.807,4.24,4.63,3.2425,0.722
7/24/2019,2019,forte,A01E,E,0.604,11.19,11.6,2.35,0.774
7/24/2019,2019,forte,A01E,S,0.844,5.42,6.04,3.4525,0.654
7/24/2019,2019,forte,A01E,W,0.785,8.17,8.02,3.12,0.562
7/24/2019,2019,forte,A01W,C,0.765,6.36,6.03,4.045,0.874
7/24/2019,2019,forte,A01W,N,0.897,2.65,2.49,4.76,0.764
7/24/2019,2019,forte,A01W,E,0.833,4.93,4.74,3.7,0.77
7/24/2019,2019,forte,A01W,S,0.763,6.08,6.2,2.98,0.78
7/24/2019,2019,forte,A01W,W,0.702,6.09,6.9,3.1325,0.896
7/24/2019,2019,forte,A02E,C,0.949,1.08,1.15,5.205,0.74
7/24/2019,2019,forte,A02E,N,0.916,1.02,1.03,5.53,0.802
7/24/2019,2019,forte,A02E,E,0.895,1.72,1.87,4.405,0.8
7/24/2019,2019,forte,A02E,S,0.86,2.32,2.36,4.4575,0.792
7/24/2019,2019,forte,A02E,W,0.915,2.8,2.75,5.52,0.74
7/24/2019,2019,forte,A02W,C,0.772,6.88,7.35,3.4575,0.742
7/24/2019,2019,forte,A02W,N,0.82,5.3,5.6,3.1,0.664
7/24/2019,2019,forte,A02W,E,0.955,1.13,1.21,5.9675,0.746
7/24/2019,2019,forte,A02W,S,0.805,6.3,6.07,4.2525,0.772
7/24/2019,2019,forte,A02W,W,0.725,5.25,5.71,3.0575,0.746
7/24/2019,2019,forte,A02W,S,0.805,6.3,6.07,4.2525,0.772
7/24/2019,2019,forte,A03E,C,0.832,4.17,4.35,3.765,0.732
7/24/2019,2019,forte,A03E,N,0.903,2.17,2.07,4.7125,0.756
7/24/2019,2019,forte,A03E,E,0.705,9.87,9.43,3.0075,0.63
7/24/2019,2019,forte,A03E,S,0.764,7.45,7.57,3.41,0.64
7/24/2019,2019,forte,A03E,W,0.759,6.29,6.5,2.9475,0.712
7/24/2019,2019,forte,A03W,C,0.813,2.99,2.95,4.3575,0.794
7/24/2019,2019,forte,A03W,N,0.713,6.24,6.81,2.7775,0.686
7/24/2019,2019,forte,A03W,E,0.834,6.11,6.31,3.3,0.53
7/24/2019,2019,forte,A03W,S,0.855,3.73,3.98,3.785,0.82
7/24/2019,2019,forte,A03W,W,0.792,3.28,3.42,3.5775,0.836
7/24/2019,2019,forte,A04E,C,0.874,1.97,2.13,4.19,0.778
7/24/2019,2019,forte,A04E,N,0.906,1.57,1.54,4.9675,0.824
7/24/2019,2019,forte,A04E,E,0.843,4.2,4.07,4.5075,0.79
7/24/2019,2019,forte,A04E,S,0.84,4.56,4.54,4.185,0.824
7/24/2019,2019,forte,A04E,W,0.85,1.71,1.82,4.575,0.8
7/24/2019,2019,forte,A04W,C,0.836,3.4,3.34,4.575,0.726
7/24/2019,2019,forte,A04W,N,0.805,3.67,3.83,3.4575,0.824
7/24/2019,2019,forte,A04W,E,0.817,2.76,2.9,3.895,0.846
7/24/2019,2019,forte,A04W,S,0.811,3.36,3.54,3.73,0.818
7/24/2019,2019,forte,A04W,W,0.787,2.99,3.18,3.6375,0.866
7/24/2019,2019,forte,B01E,C,0.898,2.5,2.48,4.965,0.734
7/24/2019,2019,forte,B01E,N,0.637,12.87,13.16,2.16,0.846
7/24/2019,2019,forte,B01E,E,0.714,9.1,8.88,3.08,0.786
7/24/2019,2019,forte,B01E,S,0.818,4.16,3.9,4.45,0.782
7/24/2019,2019,forte,B01E,W,0.822,3.69,3.91,3.58,0.78
7/24/2019,2019,forte,B01E,S,0.821,4.19,3.95,4.45,0.782
7/24/2019,2019,forte,B01W,C,0.897,3.12,3.41,3.6625,0.678
7/24/2019,2019,forte,B01W,N,0.895,1.61,1.64,5.17,0.82
7/24/2019,2019,forte,B01W,E,0.845,4.75,4.87,3.405,0.78
7/24/2019,2019,forte,B01W,S,0.825,2.61,2.68,4.1925,0.784
7/24/2019,2019,forte,B01W,W,0.903,2.28,2.27,4.415,0.804
7/24/2019,2019,forte,B02E,C,0.849,3.44,3.44,3.9575,0.832
7/24/2019,2019,forte,B02E,N,0.708,11.21,11.56,2.375,0.692
7/24/2019,2019,forte,B02E,E,0.803,4.75,4.83,3.3825,0.808
7/24/2019,2019,forte,B02E,S,0.873,3.66,3.66,3.7975,0.76
7/24/2019,2019,forte,B02E,W,0.762,6.28,6.18,3.355,0.892
7/24/2019,2019,forte,B02E,N,0.709,11.27,11.59,2.375,0.692
7/24/2019,2019,forte,B02W,C,0.719,9.56,9.68,2.81,0.7
7/24/2019,2019,forte,B02W,N,0.661,9.1,10.02,2.435,0.874
7/24/2019,2019,forte,B02W,E,0.765,4.99,5.4,3.1775,0.848
7/24/2019,2019,forte,B02W,S,0.65,12.35,13.09,2.17,0.878
7/24/2019,2019,forte,B02W,W,0.553,19.58,20.61,1.5325,0.856
7/24/2019,2019,forte,B03E,C,0.811,6.25,6.39,3.1325,0.708
7/24/2019,2019,forte,B03E,N,0.681,12.47,13.57,2.1575,0.838
7/24/2019,2019,forte,B03E,E,0.779,6.47,6.4,3.175,0.862
7/24/2019,2019,forte,B03E,S,0.813,6.43,6.39,3.295,0.77
7/24/2019,2019,forte,B03E,W,0.844,2.78,2.92,3.9225,0.792
7/24/2019,2019,forte,B03W,C,0.814,5.9,5.7,3.4375,0.718
7/24/2019,2019,forte,B03W,N,0.595,15.02,16.09,2.0675,0.85
7/24/2019,2019,forte,B03W,E,0.819,3.04,3.18,3.68,0.86
7/24/2019,2019,forte,B03W,S,0.729,9.11,9.01,3.135,0.868
7/24/2019,2019,forte,B03W,W,0.78,7.22,7.47,2.985,0.66
7/24/2019,2019,forte,B04E,C,0.756,6.13,6.31,3.12,0.846
7/24/2019,2019,forte,B04E,N,0.823,4.82,4.67,3.7125,0.776
7/24/2019,2019,forte,B04E,E,0.726,9.1,9.68,2.4175,0.838
7/24/2019,2019,forte,B04E,S,0.776,4.08,4.31,3.5825,0.858
7/24/2019,2019,forte,B04E,W,0.738,5.16,5.54,3.0275,0.874
7/24/2019,2019,forte,B04W,C,0.731,7.23,7.25,3.1825,0.8
7/24/2019,2019,forte,B04W,N,0.77,7.18,7.32,3.085,0.716
7/24/2019,2019,forte,B04W,E,0.71,9.66,9.56,2.75,0.846
7/24/2019,2019,forte,B04W,S,0.827,5.34,5.29,3.435,0.66
7/24/2019,2019,forte,B04W,W,0.871,3.95,3.82,4.4675,0.82
7/25/2019,2019,forte,C02E,C,0.868,4.11,3.96,4.0375,0.728
7/25/2019,2019,forte,C02E,N,0.676,9.58,9.68,2.6075,0.864
7/25/2019,2019,forte,C02E,E,0.749,7.74,8.13,2.73,0.756
7/25/2019,2019,forte,C02E,S,0.648,9.52,9.51,2.6075,0.832
7/25/2019,2019,forte,C02E,W,0.748,7.72,8.02,2.7125,0.738
7/25/2019,2019,forte,C02W,C,0.562,14.95,15.48,2.0425,0.834
7/25/2019,2019,forte,C02W,N,0.713,10.1,9.86,2.885,0.796
7/25/2019,2019,forte,C02W,E,0.805,6.99,6.66,3.325,0.796
7/25/2019,2019,forte,C02W,S,0.586,14.69,14.53,2.6675,0.804
7/25/2019,2019,forte,C02W,W,0.878,3.77,3.54,4.41,0.782
7/25/2019,2019,forte,C03E,C,0.664,10.98,11.53,2.2825,0.772
7/25/2019,2019,forte,C03E,N,0.736,7.89,7.89,3.12,0.726
7/25/2019,2019,forte,C03E,E,0.506,20.49,20.61,1.7,0.73
7/25/2019,2019,forte,C03E,S,0.439,22.08,23.39,1.535,0.756
7/25/2019,2019,forte,C03E,W,0.522,21.65,23.24,1.5875,0.732
7/25/2019,2019,forte,C03W,C,0.77,7.2,7.36,3.14,0.68
7/25/2019,2019,forte,C03W,N,0.582,9.04,9.73,2.5275,0.836
7/25/2019,2019,forte,C03W,E,0.719,5.53,6.01,3.06,0.83
7/25/2019,2019,forte,C03W,S,0.733,6.33,6.61,2.9675,0.872
7/25/2019,2019,forte,C03W,W,0.813,5.67,5.85,3.0425,0.816
7/25/2019,2019,forte,C04E,C,0.581,18.29,17.54,2.265,0.822
7/25/2019,2019,forte,C04E,N,0.487,20.05,22.12,1.5175,0.754
7/25/2019,2019,forte,C04E,E,0.463,18.23,19.95,1.5,0.888
7/25/2019,2019,forte,C04E,S,0.781,8,7.67,3.585,0.838
7/25/2019,2019,forte,C04E,W,0.575,18.29,19.5,1.69,0.756
7/25/2019,2019,forte,C04E,C,0.644,12.59,13.04,2.255,0.826
7/25/2019,2019,forte,C04E,N,0.606,8.91,9.35,2.4525,0.844
7/25/2019,2019,forte,C04E,E,0.632,11.89,12.35,2.35,0.804
7/25/2019,2019,forte,C04E,S,0.782,4.13,4.47,3.4425,0.862
7/25/2019,2019,forte,C04E,W,0.653,8.77,9.53,2.5325,0.866
7/25/2019,2019,forte,C04W,C,0.682,8.81,9.07,2.5325,0.906
7/25/2019,2019,forte,C04W,N,0.672,7.13,7.57,2.8375,0.888
7/25/2019,2019,forte,C04W,E,0.829,5.17,4.82,4.175,0.798
7/25/2019,2019,forte,C04W,S,0.731,7.99,7.99,2.86,0.86
7/25/2019,2019,forte,C04W,W,0.804,4.15,4.2,3.6575,0.826
7/25/2019,2019,forte,C04W,C,0.679,12.29,12.41,2.5225,0.698
7/25/2019,2019,forte,C04W,N,0.704,7.95,8.41,2.8475,0.804
7/25/2019,2019,forte,C04W,E,0.622,10.86,11.82,2.21,0.89
7/25/2019,2019,forte,C04W,S,0.594,16.85,18.02,1.9475,0.82
7/25/2019,2019,forte,C04W,W,0.586,12.64,12.68,2.345,0.846
7/25/2019,2019,forte,D01E,C,0.667,11.83,11.86,2.44,0.878
7/25/2019,2019,forte,D01E,N,0.495,21.98,23.2,1.525,0.866
7/25/2019,2019,forte,D01E,E,0.651,9.12,9.5,2.455,0.874
7/25/2019,2019,forte,D01E,S,0.678,12.13,11.97,2.455,0.826
7/25/2019,2019,forte,D01E,W,0.628,12.97,12.26,2.7875,0.866
7/25/2019,2019,forte,D01W,C,0.587,13.7,13.79,2.225,0.73
7/25/2019,2019,forte,D01W,N,0.679,10.36,11.35,2.365,0.742
7/25/2019,2019,forte,D01W,E,0.65,10.2,10,2.7875,0.772
7/25/2019,2019,forte,D01W,S,0.59,11.17,12.11,2.23,0.872
7/25/2019,2019,forte,D01W,W,0.572,13.66,14.41,1.9875,0.75
7/25/2019,2019,forte,D02E,C,0.49,20.63,20.48,1.9125,0.846
7/25/2019,2019,forte,D02E,N,0.317,38.69,39.15,0.9525,0.742
7/25/2019,2019,forte,D02E,E,0.737,11.39,11.46,2.66,0.74
7/25/2019,2019,forte,D02E,S,0.494,24.67,25.54,1.4175,0.742
7/25/2019,2019,forte,D02E,W,0.41,23.93,25.31,1.2975,0.876
7/25/2019,2019,forte,D02W,C,0.594,19.58,19.21,1.9675,0.854
7/25/2019,2019,forte,D02W,N,0.231,43.76,43.64,0.9325,0.826
7/25/2019,2019,forte,D02W,E,0.71,11.11,10.84,2.6075,0.814
7/25/2019,2019,forte,D02W,S,0.151,57.16,58.05,0.545,0.9
7/25/2019,2019,forte,D02W,W,0.245,47.05,46.88,0.8875,0.842
7/25/2019,2019,forte,D03E,C,0.512,19.81,20.07,1.775,0.804
7/25/2019,2019,forte,D03E,N,0.466,19.38,21.44,1.6425,0.88
7/25/2019,2019,forte,D03E,E,0.588,16.4,15.84,2.535,0.878
7/25/2019,2019,forte,D03E,S,0.299,37.03,38.11,0.9125,0.826
7/25/2019,2019,forte,D03E,W,0.674,15.32,15.93,2.115,0.594
7/25/2019,2019,forte,D03W,C,0.607,20.05,19.62,2.22,0.7
7/25/2019,2019,forte,D03W,N,0.529,21.98,21.64,1.8425,0.728
7/25/2019,2019,forte,D03W,E,0.793,4.38,4.48,3.6125,0.858
7/25/2019,2019,forte,D03W,S,0.908,2.54,2.4,4.39,0.688
7/25/2019,2019,forte,D03W,W,0.612,15.03,14.59,2.4075,0.854
7/25/2019,2019,forte,D04E,C,0.428,31.58,30.6,1.5125,0.872
7/25/2019,2019,forte,D04E,N,0.356,33.53,35.32,1.06,0.856
7/25/2019,2019,forte,D04E,E,0.541,14.11,13.3,2.725,0.846
7/25/2019,2019,forte,D04E,S,0.194,54.35,55,0.6025,0.756
7/25/2019,2019,forte,D04E,W,0.55,17.87,17.83,1.9125,0.846
7/25/2019,2019,forte,D04E,W,0.55,17.87,17.83,1.9125,0.846
7/25/2019,2019,forte,D04W,C,0.742,6.75,6.26,3.905,0.774
7/25/2019,2019,forte,D04W,N,0.426,29.91,29.83,1.485,0.552
7/25/2019,2019,forte,D04W,E,0.102,64.87,66.93,0.305,0.81
7/25/2019,2019,forte,D04W,S,0.208,50.82,51.01,0.71,0.818
7/25/2019,2019,forte,D04W,W,0.218,49.65,50,0.7475,0.86
8/2/2019,2019,forte,A01E,C,0.667,11.22,12.35,2.2375,0.854
8/2/2019,2019,forte,A01E,N,0.753,7.2,8.03,2.695,0.756
8/2/2019,2019,forte,A01E,E,0.575,15.92,17.43,1.7575,0.868
8/2/2019,2019,forte,A01E,S,0.764,7.39,8.21,3.055,0.842
8/2/2019,2019,forte,A01E,W,0.722,8.55,9.19,2.4775,0.77
8/2/2019,2019,forte,A01W,C,0.664,9.4,9.88,2.595,0.842
8/2/2019,2019,forte,A01W,N,0.746,5.9,6.2,3.015,0.764
8/2/2019,2019,forte,A01W,E,0.745,7.52,7.98,2.71,0.82
8/2/2019,2019,forte,A01W,S,0.628,12.93,13.9,2.02,0.838
8/2/2019,2019,forte,A01W,W,0.417,27,29.63,1.2525,0.78
8/2/2019,2019,forte,A02E,C,0.895,1.2,1.25,4.98,0.822
8/2/2019,2019,forte,A02E,N,0.939,0.48,0.5,6.7275,0.824
8/2/2019,2019,forte,A02E,E,0.913,0.93,1,5.1675,0.768
8/2/2019,2019,forte,A02E,S,0.884,1.69,1.76,4.8625,0.812
8/2/2019,2019,forte,A02E,W,0.89,2.08,2.15,4.5375,0.726
8/2/2019,2019,forte,A02W,C,0.734,8.32,9.27,2.5225,0.804
8/2/2019,2019,forte,A02W,N,0.826,3.94,4.34,3.465,0.744
8/2/2019,2019,forte,A02W,E,0.907,1.55,1.69,4.675,0.738
8/2/2019,2019,forte,A02W,S,0.612,6.86,7.38,2.7825,0.692
8/2/2019,2019,forte,A02W,W,0.763,6.04,6.49,2.85,0.71
8/2/2019,2019,forte,A03E,N,0.736,7.17,7.62,2.68,0.726
8/2/2019,2019,forte,A03E,C,0.729,7.85,8.4,2.56,0.834
8/2/2019,2019,forte,A03E,N,0.822,4.62,4.83,3.185,0.812
8/2/2019,2019,forte,A03E,E,0.668,11.46,12.32,2.0975,0.83
8/2/2019,2019,forte,A03E,S,0.768,7.08,7.53,3.045,0.754
8/2/2019,2019,forte,A03E,W,0.796,5.54,6.01,2.96,0.688
8/2/2019,2019,forte,A03W,C,0.76,6.11,6.31,3.0325,0.874
8/2/2019,2019,forte,A03W,N,0.628,12.05,13.19,2.035,0.844
8/2/2019,2019,forte,A03W,E,0.782,6.11,6.71,3.0125,0.64
8/2/2019,2019,forte,A03W,S,0.798,4.08,4.39,3.4075,0.8
8/2/2019,2019,forte,A03W,W,0.715,8.79,9.6,2.395,0.808
8/2/2019,2019,forte,A04E,C,0.85,2.5,2.75,3.855,0.826
8/2/2019,2019,forte,A04E,N,0.875,1.97,2.12,4.3075,0.838
8/2/2019,2019,forte,A04E,E,0.842,2.87,3.06,4.2375,0.864
8/2/2019,2019,forte,A04E,S,0.845,3.04,3.33,4.17,0.83
8/2/2019,2019,forte,A04E,W,0.796,3.01,3.3,3.6925,0.676
8/2/2019,2019,forte,A04W,C,0.824,2.98,3.2,4.2425,0.866
8/2/2019,2019,forte,A04W,N,0.784,3.91,4.27,3.4825,0.89
8/2/2019,2019,forte,A04W,E,0.812,2.74,2.94,3.88,0.882
8/2/2019,2019,forte,A04W,S,0.771,4.64,5.08,3.08,0.844
8/2/2019,2019,forte,A04W,W,0.769,4.8,5.16,3.1075,0.856
8/3/2019,2019,forte,B01E,C,0.833,2.63,2.69,4.0225,0.742
8/3/2019,2019,forte,B01E,N,0.696,6.81,7.3,2.6875,0.824
8/3/2019,2019,forte,B01E,E,0.742,6.08,6.33,2.9975,0.77
8/3/2019,2019,forte,B01E,S,0.805,3.39,3.42,3.955,0.798
8/3/2019,2019,forte,B01E,W,0.819,2.52,2.63,4.2525,0.776
8/3/2019,2019,forte,B01W,C,0.892,1.6,1.7,4.64,0.846
8/3/2019,2019,forte,B01W,N,0.882,1.71,1.75,4.4825,0.8
8/3/2019,2019,forte,B01W,E,0.849,2.17,2.39,4.315,0.828
8/3/2019,2019,forte,B01W,S,0.838,2.44,2.5,4.06,0.782
8/3/2019,2019,forte,B01W,W,0.887,1.47,1.56,4.82,0.834
8/3/2019,2019,forte,B02E,C,0.816,2.7,2.81,4.035,0.806
8/3/2019,2019,forte,B02E,N,0.762,4.98,5.2,3.4125,0.74
8/3/2019,2019,forte,B02E,E,0.797,3.22,3.36,3.77,0.86
8/3/2019,2019,forte,B02E,S,0.858,2.39,2.54,3.8575,0.794
8/3/2019,2019,forte,B02E,W,0.755,4.33,4.44,3.3825,0.838
8/3/2019,2019,forte,B02W,C,0.713,5.96,6.33,3.1425,0.84
8/3/2019,2019,forte,B02W,N,0.643,7.54,8.19,2.6075,0.864
8/3/2019,2019,forte,B02W,E,0.764,4.13,4.42,3.45,0.862
8/3/2019,2019,forte,B02W,S,0.72,5.04,5.56,3.545,0.914
8/3/2019,2019,forte,B03E,C,0.827,3.87,4.2,3.3025,0.75
8/3/2019,2019,forte,B03E,N,0.733,6.66,7.35,2.87,0.798
8/3/2019,2019,forte,B03E,E,0.795,3.78,4.08,3.42,0.884
8/3/2019,2019,forte,B03E,S,0.839,3.44,3.71,3.54,0.794
8/3/2019,2019,forte,B03E,W,0.846,2.5,2.6,4.3775,0.822
8/3/2019,2019,forte,B03W,C,0.801,4.23,4.44,3.4225,0.842
8/3/2019,2019,forte,B03W,N,0.649,9.85,10.78,2.315,0.832
8/3/2019,2019,forte,B03W,E,0.82,2.82,2.92,3.9,0.884
8/3/2019,2019,forte,B03W,S,0.72,6.22,6.57,3.04,0.828
8/3/2019,2019,forte,B03W,W,0.787,4.42,4.71,3.28,0.768
8/3/2019,2019,forte,B04E,C,0.77,3.15,3.37,3.5775,0.848
8/3/2019,2019,forte,B04E,N,0.789,3.51,3.58,3.95,0.824
8/3/2019,2019,forte,B04E,E,0.75,3.59,3.99,3.7225,0.82
8/3/2019,2019,forte,B04E,S,0.776,3.1,3.28,3.89,0.848
8/3/2019,2019,forte,B04E,W,0.757,3.04,3.21,3.7575,0.85
8/3/2019,2019,forte,B04W,C,0.755,4.21,4.47,3.3675,0.818
8/3/2019,2019,forte,B04W,N,0.729,4.1,4.29,3.5125,0.804
8/3/2019,2019,forte,B04W,E,0.712,5.59,6.07,3.0125,0.89
8/3/2019,2019,forte,B04W,S,0.775,4.27,4.62,3.1175,0.746
8/3/2019,2019,forte,B04W,W,0.849,1.96,2,4.655,0.814
8/1/2019,2019,forte,C01E,C,0.589,7.09,7.62,2.8575,0.824
8/1/2019,2019,forte,C01E,N,0.543,10.61,11.03,2.3175,0.838
8/1/2019,2019,forte,C01E,E,0.594,7.11,7.7,2.5725,0.894
8/1/2019,2019,forte,C01E,S,0.741,5.2,5.6,3.3925,0.862
8/1/2019,2019,forte,C01E,W,0.599,9.25,9.91,2.5625,0.868
8/1/2019,2019,forte,C01W,C,0.633,8.62,9.04,2.4375,0.804
8/1/2019,2019,forte,C01W,N,0.662,8.78,9.28,2.6825,0.794
8/1/2019,2019,forte,C01W,E,0.603,8.09,8.81,2.5525,0.874
8/1/2019,2019,forte,C01W,S,0.629,6.95,7.7,2.715,0.778
8/1/2019,2019,forte,C01W,W,0.623,6.85,7.21,2.79,0.866
8/1/2019,2019,forte,C02E,C,0.803,3.95,4,3.77,0.832
8/1/2019,2019,forte,C02E,N,0.698,4.46,4.81,3.1825,0.896
8/1/2019,2019,forte,C02E,E,0.767,3.63,4.04,3.565,0.838
8/1/2019,2019,forte,C02E,S,0.688,6.41,6.87,2.74,0.882
8/1/2019,2019,forte,C02E,W,0.766,4.06,4.44,3.43,0.842
8/1/2019,2019,forte,C02W,C,0.586,7.87,8.65,2.5725,0.888
8/1/2019,2019,forte,C02W,N,0.655,7.87,8.28,2.52,0.804
8/1/2019,2019,forte,C02W,E,0.751,5.47,5.53,3.245,0.81
8/1/2019,2019,forte,C02W,S,0.579,8.4,8.94,2.54,0.85
8/1/2019,2019,forte,C02W,W,0.783,4.93,4.98,3.4025,0.806
8/1/2019,2019,forte,C03E,C,0.691,6.9,7.38,2.625,0.836
8/1/2019,2019,forte,C03E,N,0.707,6.67,6.89,2.97,0.834
8/1/2019,2019,forte,C03E,E,0.605,9.35,10.08,2.4325,0.742
8/1/2019,2019,forte,C03E,S,0.563,9.75,10.78,2.2275,0.742
8/1/2019,2019,forte,C03E,W,0.666,9.05,10.14,2.455,0.736
8/1/2019,2019,forte,C03W,C,0.73,5.81,6.03,3.04,0.808
8/1/2019,2019,forte,C03W,N,0.589,8.88,9.5,2.715,0.87
8/1/2019,2019,forte,C03W,E,0.734,4.89,5.29,3.24,0.844
8/1/2019,2019,forte,C03W,S,0.733,5.88,6.08,3.06,0.882
8/1/2019,2019,forte,C03W,W,0.771,4.5,4.74,3.28,0.874
8/1/2019,2019,forte,C04E,C,0.564,14.19,14.77,1.9925,0.812
8/1/2019,2019,forte,C04E,N,0.466,20.38,22.46,1.5175,0.774
8/1/2019,2019,forte,C04E,E,0.448,18.55,20.18,1.4825,0.866
8/1/2019,2019,forte,C04E,S,0.726,7.32,7.5,3.0725,0.856
8/1/2019,2019,forte,C04E,W,0.615,12.61,13.73,2.0375,0.774
8/1/2019,2019,forte,C04W,C,0.7,5.19,5.45,3.31,0.892
8/1/2019,2019,forte,C04W,N,0.674,5.79,6.12,2.98,0.894
8/1/2019,2019,forte,C04W,E,0.77,5.32,5.21,3.685,0.758
8/1/2019,2019,forte,C04W,S,0.743,5.14,5.44,3.115,0.846
8/1/2019,2019,forte,C04W,W,0.803,4.29,4.28,3.8625,0.836
8/1/2019,2019,forte,D01E,C,0.595,10.81,11.21,2.385,0.878
8/1/2019,2019,forte,D01E,N,0.541,14.78,16.08,1.9175,0.904
8/1/2019,2019,forte,D01E,E,0.637,9.86,10.21,2.42,0.87
8/1/2019,2019,forte,D01E,S,0.64,9.89,10.28,2.505,0.844
8/1/2019,2019,forte,D01E,W,0.589,13.14,13.45,2.1425,0.816
8/1/2019,2019,forte,D01W,C,0.608,9.97,10.51,2.34,0.812
8/1/2019,2019,forte,D01W,N,0.671,10.36,11.19,2.4,0.742
8/1/2019,2019,forte,D01W,E,0.627,9.57,9.9,2.365,0.802
8/1/2019,2019,forte,D01W,S,0.563,13.3,14.41,2.09,0.86
8/1/2019,2019,forte,D01W,W,0.547,15.37,16.25,1.9475,0.77
8/1/2019,2019,forte,D01W,S,0.563,13.33,14.43,2.0875,0.86
8/1/2019,2019,forte,D02E,C,0.529,14.11,14.55,2.3025,0.862
8/1/2019,2019,forte,D02E,N,0.405,22.01,23.46,1.3925,0.844
8/1/2019,2019,forte,D02E,E,0.682,8.58,8.99,2.585,0.772
8/1/2019,2019,forte,D02E,S,0.509,15.66,16.48,1.945,0.824
8/1/2019,2019,forte,D02E,W,0.442,19.52,20.49,1.56,0.816
8/1/2019,2019,forte,D02W,C,0.558,15.93,16.38,1.86,0.846
8/1/2019,2019,forte,D02W,N,0.342,26.39,27.94,1.1975,0.824
8/1/2019,2019,forte,D02W,E,0.678,8.66,8.86,2.6125,0.888
8/1/2019,2019,forte,D02W,S,0.284,32.3,34.82,0.945,0.89
8/1/2019,2019,forte,D02W,W,0.321,30.82,32.58,1.0675,0.84
8/1/2019,2019,forte,D03E,C,0.576,11.32,11.91,2.2375,0.806
8/1/2019,2019,forte,D03E,N,0.464,17.78,19.55,1.7575,0.836
8/1/2019,2019,forte,D03E,E,0.596,11.24,11.73,2.44,0.854
8/1/2019,2019,forte,D03E,S,0.413,23.28,25.31,1.32,0.874
8/1/2019,2019,forte,D03E,W,0.639,11.11,11.85,2.335,0.712
8/1/2019,2019,forte,D03W,C,0.579,14.48,15.18,2.0525,0.722
8/1/2019,2019,forte,D03W,N,0.517,17.92,18.78,1.7325,0.826
8/1/2019,2019,forte,D03W,E,0.798,4.16,4.24,3.61,0.842
8/1/2019,2019,forte,D03W,S,0.849,2.7,2.7,4.15,0.766
8/1/2019,2019,forte,D03W,W,0.558,14.43,14.85,2.015,0.854
8/1/2019,2019,forte,D04E,C,0.462,21.48,22.59,1.3875,0.882
8/1/2019,2019,forte,D04E,N,0.334,30.56,32.17,1.1575,0.844
8/1/2019,2019,forte,D04E,E,0.558,12.44,12.64,2.3425,0.85
8/1/2019,2019,forte,D04E,S,0.34,29.28,31.62,0.985,0.726
8/1/2019,2019,forte,D04E,W,0.533,13.78,14.28,2.0875,0.764
8/1/2019,2019,forte,D04W,C,0.663,8.09,7.94,3.3325,0.83
8/1/2019,2019,forte,D04W,N,0.522,14.93,15.79,2.115,0.686
8/1/2019,2019,forte,D04W,E,0.323,32.45,36.03,0.9375,0.766
8/1/2019,2019,forte,D04W,S,0.367,28.15,30.35,1.055,0.748
8/1/2019,2019,forte,D04W,W,0.338,30.28,32.42,1.0525,0.784
,,,,,,,,,
,,,,,,,,,
,,,,,,,,,
,,,,,,,,,
,,,,,,,,,
,,,,,,,,,
,,,,,,,,,
,,,,,,,,,
,,,,,,,,,
,,,,,,,,,
,,,,,,,,,
,,,,,,,,,
,,,,,,,,,
,,,,,,,,,
,,,,,,,,,
,,,,,,,,,
,,,,,,,,,
,,,,,,,,,
,,,,,,,,,
,,,,,,,,,
,,,,,,,,,
,,,,,,,,,
,,,,,,,,,
,,,,,,,,,
,,,,,,,,,
,,,,,,,,,
,,,,,,,,,
,,,,,,,,,
,,,,,,,,,
,,,,,,,,,
,,,,,,,,,
,,,,,,,,,
,,,,,,,,,
,,,,,,,,,
,,,,,,,,,
,,,,,,,,,
,,,,,,,,,
,,,,,,,,,
,,,,,,,,,
,,,,,,,,,
,,,,,,,,,
,,,,,,,,,
,,,,,,,,,
,,,,,,,,,
,,,,,,,,,
,,,,,,,,,
,,,,,,,,,
,,,,,,,,,
,,,,,,,,,
,,,,,,,,,
,,,,,,,,,
,,,,,,,,,
,,,,,,,,,
,,,,,,,,,
,,,,,,,,,
,,,,,,,,,
,,,,,,,,,
,,,,,,,,,
,,,,,,,,,
,,,,,,,,,
,,,,,,,,,
,,,,,,,,,
,,,,,,,,,
,,,,,,,,,
,,,,,,,,,
,,,,,,,,,
,,,,,,,,,
,,,,,,,,,
,,,,,,,,,
,,,,,,,,,
,,,,,,,,,
,,,,,,,,,
,,,,,,,,,
,,,,,,,,,
,,,,,,,,,
,,,,,,,,,
,,,,,,,,,
,,,,,,,,,
,,,,,,,,,
,,,,,,,,,
,,,,,,,,,
,,,,,,,,,
,,,,,,,,,
,,,,,,,,,
,,,,,,,,,
,,,,,,,,,
,,,,,,,,,
,,,,,,,,,
,,,,,,,,,
,,,,,,,,,
,,,,,,,,,
,,,,,,,,,
,,,,,,,,,
,,,,,,,,,
,,,,,,,,,
,,,,,,,,,
,,,,,,,,,
,,,,,,,,,
,,,,,,,,,
,,,,,,,,,
,,,,,,,,,
,,,,,,,,,
,,,,,,,,,
,,,,,,,,,
,,,,,,,,,
,,,,,,,,,
,,,,,,,,,
,,,,,,,,,
,,,,,,,,,
,,,,,,,,,
,,,,,,,,,
,,,,,,,,,
,,,,,,,,,
,,,,,,,,,
,,,,,,,,,
,,,,,,,,,
,,,,,,,,,
,,,,,,,,,
,,,,,,,,,
,,,,,,,,,
,,,,,,,,,
,,,,,,,,,
,,,,,,,,,
,,,,,,,,,
,,,,,,,,,
,,,,,,,,,
,,,,,,,,,
,,,,,,,,,
,,,,,,,,,
,,,,,,,,,
,,,,,,,,,
,,,,,,,,,
,,,,,,,,,
,,,,,,,,,
,,,,,,,,,
,,,,,,,,,
,,,,,,,,,
,,,,,,,,,
,,,,,,,,,
,,,,,,,,,
,,,,,,,,,
,,,,,,,,,
,,,,,,,,,
,,,,,,,,,
,,,,,,,,,
,,,,,,,,,
,,,,,,,,,
,,,,,,,,,
,,,,,,,,,
,,,,,,,,,
,,,,,,,,,
,,,,,,,,,
,,,,,,,,,
,,,,,,,,,
,,,,,,,,,
,,,,,,,,,
,,,,,,,,,
,,,,,,,,,
,,,,,,,,,
,,,,,,,,,
,,,,,,,,,
,,,,,,,,,
,,,,,,,,,
,,,,,,,,,
,,,,,,,,,
,,,,,,,,,
,,,,,,,,,
,,,,,,,,,
,,,,,,,,,
,,,,,,,,,
,,,,,,,,,
,,,,,,,,,
,,,,,,,,,
,,,,,,,,,
,,,,,,,,,
,,,,,,,,,
,,,,,,,,,
,,,,,,,,,
,,,,,,,,,
,,,,,,,,,
,,,,,,,,,
,,,,,,,,,
,,,,,,,,,
,,,,,,,,,
,,,,,,,,,
,,,,,,,,,
,,,,,,,,,
,,,,,,,,,
,,,,,,,,,
,,,,,,,,,
,,,,,,,,,
,,,,,,,,,
,,,,,,,,,
,,,,,,,,,
,,,,,,,,,
,,,,,,,,,
,,,,,,,,,
,,,,,,,,,
,,,,,,,,,
,,,,,,,,,
,,,,,,,,,
,,,,,,,,,
,,,,,,,,,
,,,,,,,,,
,,,,,,,,,
,,,,,,,,,
,,,,,,,,,
,,,,,,,,,
,,,,,,,,,
,,,,,,,,,
,,,,,,,,,
,,,,,,,,,
,,,,,,,,,
,,,,,,,,,
,,,,,,,,,
,,,,,,,,,
,,,,,,,,,
,,,,,,,,,
,,,,,,,,,
,,,,,,,,,
,,,,,,,,,
,,,,,,,,,
,,,,,,,,,
,,,,,,,,,
,,,,,,,,,
,,,,,,,,,
,,,,,,,,,
,,,,,,,,,
,,,,,,,,,
,,,,,,,,,
,,,,,,,,,
,,,,,,,,,
,,,,,,,,,
,,,,,,,,,
,,,,,,,,,
,,,,,,,,,
,,,,,,,,,
,,,,,,,,,
,,,,,,,,,
,,,,,,,,,
,,,,,,,,,
,,,,,,,,,
,,,,,,,,,
,,,,,,,,,
,,,,,,,,,
,,,,,,,,,
,,,,,,,,,
,,,,,,,,,
,,,,,,,,,
,,,,,,,,,
,,,,,,,,,
,,,,,,,,,
,,,,,,,,,
,,,,,,,,,
,,,,,,,,,
,,,,,,,,,
,,,,,,,,,
,,,,,,,,,
,,,,,,,,,
,,,,,,,,,
,,,,,,,,,
,,,,,,,,,
,,,,,,,,,
,,,,,,,,,
,,,,,,,,,
,,,,,,,,,
,,,,,,,,,
,,,,,,,,,
,,,,,,,,,
,,,,,,,,,
,,,,,,,,,
,,,,,,,,,
,,,,,,,,,
,,,,,,,,,
,,,,,,,,,
,,,,,,,,,
,,,,,,,,,
,,,,,,,,,
,,,,,,,,,
,,,,,,,,,
,,,,,,,,,
,,,,,,,,,
,,,,,,,,,
,,,,,,,,,
,,,,,,,,,
,,,,,,,,,
,,,,,,,,,
,,,,,,,,,
,,,,,,,,,
,,,,,,,,,
,,,,,,,,,
,,,,,,,,,
,,,,,,,,,
,,,,,,,,,
,,,,,,,,,
,,,,,,,,,
,,,,,,,,,
,,,,,,,,,
,,,,,,,,,
,,,,,,,,,
,,,,,,,,,
,,,,,,,,,
,,,,,,,,,
,,,,,,,,,
,,,,,,,,,
,,,,,,,,,
,,,,,,,,,
,,,,,,,,,
,,,,,,,,,
,,,,,,,,,
,,,,,,,,,
,,,,,,,,,
,,,,,,,,,
,,,,,,,,,
,,,,,,,,,
,,,,,,,,,
,,,,,,,,,
,,,,,,,,,
,,,,,,,,,
,,,,,,,,,
,,,,,,,,,
,,,,,,,,,
,,,,,,,,,
,,,,,,,,,
,,,,,,,,,
,,,,,,,,,
,,,,,,,,,
,,,,,,,,,
,,,,,,,,,
,,,,,,,,,
,,,,,,,,,
,,,,,,,,,
,,,,,,,,,
,,,,,,,,,
,,,,,,,,,
,,,,,,,,,
,,,,,,,,,
,,,,,,,,,
,,,,,,,,,
,,,,,,,,,
,,,,,,,,,
,,,,,,,,,
,,,,,,,,,
,,,,,,,,,
,,,,,,,,,
,,,,,,,,,
,,,,,,,,,
,,,,,,,,,
,,,,,,,,,
,,,,,,,,,
,,,,,,,,,
,,,,,,,,,
,,,,,,,,,
,,,,,,,,,
,,,,,,,,,
,,,,,,,,,
,,,,,,,,,
,,,,,,,,,
,,,,,,,,,
,,,,,,,,,
,,,,,,,,,
,,,,,,,,,
,,,,,,,,,
,,,,,,,,,
,,,,,,,,,
,,,,,,,,,
,,,,,,,,,
,,,,,,,,,
,,,,,,,,,
,,,,,,,,,
,,,,,,,,,
,,,,,,,,,
,,,,,,,,,
,,,,,,,,,
,,,,,,,,,
,,,,,,,,,
,,,,,,,,,
,,,,,,,,,
,,,,,,,,,
,,,,,,,,,
,,,,,,,,,
,,,,,,,,,
,,,,,,,,,
,,,,,,,,,
,,,,,,,,,
,,,,,,,,,
,,,,,,,,,
,,,,,,,,,
,,,,,,,,,
,,,,,,,,,
,,,,,,,,,
,,,,,,,,,
,,,,,,,,,
,,,,,,,,,
,,,,,,,,,
,,,,,,,,,
,,,,,,,,,
,,,,,,,,,
,,,,,,,,,
,,,,,,,,,
,,,,,,,,,
,,,,,,,,,
,,,,,,,,,
,,,,,,,,,
,,,,,,,,,
,,,,,,,,,
,,,,,,,,,
,,,,,,,,,
,,,,,,,,,
,,,,,,,,,
,,,,,,,,,
,,,,,,,,,
,,,,,,,,,
,,,,,,,,,
,,,,,,,,,
,,,,,,,,,
,,,,,,,,,
,,,,,,,,,
,,,,,,,,,
,,,,,,,,,
,,,,,,,,,
,,,,,,,,,
,,,,,,,,,
,,,,,,,,,
,,,,,,,,,
,,,,,,,,,
,,,,,,,,,
,,,,,,,,,
,,,,,,,,,
,,,,,,,,,
,,,,,,,,,
,,,,,,,,,
,,,,,,,,,
,,,,,,,,,
,,,,,,,,,
,,,,,,,,,
,,,,,,,,,
,,,,,,,,,
,,,,,,,,,
,,,,,,,,,
,,,,,,,,,
,,,,,,,,,
,,,,,,,,,
,,,,,,,,,
,,,,,,,,,
,,,,,,,,,
,,,,,,,,,
,,,,,,,,,
,,,,,,,,,
,,,,,,,,,
,,,,,,,,,
,,,,,,,,,
,,,,,,,,,
,,,,,,,,,
,,,,,,,,,
,,,,,,,,,
,,,,,,,,,
,,,,,,,,,
,,,,,,,,,
,,,,,,,,,
,,,,,,,,,
,,,,,,,,,
,,,,,,,,,
,,,,,,,,,
,,,,,,,,,
,,,,,,,,,
,,,,,,,,,
,,,,,,,,,
,,,,,,,,,
,,,,,,,,,
,,,,,,,,,
,,,,,,,,,
,,,,,,,,,
,,,,,,,,,
,,,,,,,,,
,,,,,,,,,
,,,,,,,,,
,,,,,,,,,
,,,,,,,,,
,,,,,,,,,
,,,,,,,,,
,,,,,,,,,
,,,,,,,,,
,,,,,,,,,
,,,,,,,,,
,,,,,,,,,
,,,,,,,,,
,,,,,,,,,
,,,,,,,,,
,,,,,,,,,
,,,,,,,,,
,,,,,,,,,
,,,,,,,,,
,,,,,,,,,
,,,,,,,,,
,,,,,,,,,
,,,,,,,,,
,,,,,,,,,
,,,,,,,,,
,,,,,,,,,
,,,,,,,,,
,,,,,,,,,
,,,,,,,,,
,,,,,,,,,
,,,,,,,,,
,,,,,,,,,
,,,,,,,,,
,,,,,,,,,
,,,,,,,,,
,,,,,,,,,
,,,,,,,,,
,,,,,,,,,
,,,,,,,,,
,,,,,,,,,
,,,,,,,,,
,,,,,,,,,
,,,,,,,,,
,,,,,,,,,
,,,,,,,,,
,,,,,,,,,
,,,,,,,,,
,,,,,,,,,
,,,,,,,,,
,,,,,,,,,
,,,,,,,,,
,,,,,,,,,
,,,,,,,,,
,,,,,,,,,
,,,,,,,,,
,,,,,,,,,
,,,,,,,,,
,,,,,,,,,
,,,,,,,,,
,,,,,,,,,
,,,,,,,,,
,,,,,,,,,
,,,,,,,,,
,,,,,,,,,
,,,,,,,,,
,,,,,,,,,
,,,,,,,,,
,,,,,,,,,
,,,,,,,,,
,,,,,,,,,
,,,,,,,,,
,,,,,,,,,
,,,,,,,,,
,,,,,,,,,
,,,,,,,,,
,,,,,,,,,
,,,,,,,,,
,,,,,,,,,
,,,,,,,,,
,,,,,,,,,
,,,,,,,,,
,,,,,,,,,
,,,,,,,,,
,,,,,,,,,
,,,,,,,,,
,,,,,,,,,
,,,,,,,,,
,,,,,,,,,
,,,,,,,,,
,,,,,,,,,
,,,,,,,,,
,,,,,,,,,
,,,,,,,,,
,,,,,,,,,
,,,,,,,,,
,,,,,,,,,
,,,,,,,,,
,,,,,,,,,
,,,,,,,,,
,,,,,,,,,
,,,,,,,,,
,,,,,,,,,
,,,,,,,,,
,,,,,,,,,
,,,,,,,,,
,,,,,,,,,
,,,,,,,,,
,,,,,,,,,
,,,,,,,,,
,,,,,,,,,
,,,,,,,,,
,,,,,,,,,
,,,,,,,,,
,,,,,,,,,
,,,,,,,,,
,,,,,,,,,
,,,,,,,,,
,,,,,,,,,
,,,,,,,,,
,,,,,,,,,
,,,,,,,,,
,,,,,,,,,
,,,,,,,,,
,,,,,,,,,
,,,,,,,,,
,,,,,,,,,
,,,,,,,,,
,,,,,,,,,
,,,,,,,,,
,,,,,,,,,
,,,,,,,,,
,,,,,,,,,
,,,,,,,,,
,,,,,,,,,
,,,,,,,,,
,,,,,,,,,
,,,,,,,,,
,,,,,,,,,
,,,,,,,,,
,,,,,,,,,
,,,,,,,,,
,,,,,,,,,
,,,,,,,,,
,,,,,,,,,
,,,,,,,,,
,,,,,,,,,
,,,,,,,,,
,,,,,,,,,
,,,,,,,,,
,,,,,,,,,
,,,,,,,,,
,,,,,,,,,
,,,,,,,,,
,,,,,,,,,
,,,,,,,,,
,,,,,,,,,
,,,,,,,,,
,,,,,,,,,
,,,,,,,,,
,,,,,,,,,
,,,,,,,,,
,,,,,,,,,
,,,,,,,,,
,,,,,,,,,
,,,,,,,,,
,,,,,,,,,
,,,,,,,,,
,,,,,,,,,
,,,,,,,,,
,,,,,,,,,
,,,,,,,,,
,,,,,,,,,
,,,,,,,,,
,,,,,,,,,
,,,,,,,,,
,,,,,,,,,
,,,,,,,,,
,,,,,,,,,
,,,,,,,,,
,,,,,,,,,
,,,,,,,,,
,,,,,,,,,
,,,,,,,,,
,,,,,,,,,
,,,,,,,,,
,,,,,,,,,
,,,,,,,,,
,,,,,,,,,
,,,,,,,,,
,,,,,,,,,
,,,,,,,,,
,,,,,,,,,
,,,,,,,,,
,,,,,,,,,
,,,,,,,,,
,,,,,,,,,
,,,,,,,,,
,,,,,,,,,
,,,,,,,,,
,,,,,,,,,
,,,,,,,,,
,,,,,,,,,
,,,,,,,,,
,,,,,,,,,
,,,,,,,,,
,,,,,,,,,
,,,,,,,,,
,,,,,,,,,
,,,,,,,,,
,,,,,,,,,
,,,,,,,,,
,,,,,,,,,
,,,,,,,,,
,,,,,,,,,
,,,,,,,,,
,,,,,,,,,
,,,,,,,,,
,,,,,,,,,
,,,,,,,,,
,,,,,,,,,
,,,,,,,,,
,,,,,,,,,
,,,,,,,,,
,,,,,,,,,
,,,,,,,,,
,,,,,,,,,
,,,,,,,,,
,,,,,,,,,
,,,,,,,,,
,,,,,,,,,
,,,,,,,,,
,,,,,,,,,
,,,,,,,,,
,,,,,,,,,
,,,,,,,,,
,,,,,,,,,
,,,,,,,,,
,,,,,,,,,
,,,,,,,,,
,,,,,,,,,
,,,,,,,,,
,,,,,,,,,
,,,,,,,,,
,,,,,,,,,
,,,,,,,,,
,,,,,,,,,
,,,,,,,,,
,,,,,,,,,
,,,,,,,,,
,,,,,,,,,
,,,,,,,,,
,,,,,,,,,
,,,,,,,,,
,,,,,,,,,
,,,,,,,,,
,,,,,,,,,
,,,,,,,,,
,,,,,,,,,
,,,,,,,,,
,,,,,,,,,
,,,,,,,,,
,,,,,,,,,
,,,,,,,,,
,,,,,,,,,
,,,,,,,,,
,,,,,,,,,
,,,,,,,,,
,,,,,,,,,
,,,,,,,,,
,,,,,,,,,
,,,,,,,,,
,,,,,,,,,
,,,,,,,,,
,,,,,,,,,
,,,,,,,,,
,,,,,,,,,
,,,,,,,,,
,,,,,,,,,
,,,,,,,,,
,,,,,,,,,
,,,,,,,,,
,,,,,,,,,
,,,,,,,,,
,,,,,,,,,
,,,,,,,,,
,,,,,,,,,
,,,,,,,,,
,,,,,,,,,
,,,,,,,,,
,,,,,,,,,
,,,,,,,,,
,,,,,,,,,
,,,,,,,,,
,,,,,,,,,
,,,,,,,,,
,,,,,,,,,
,,,,,,,,,
,,,,,,,,,
,,,,,,,,,
,,,,,,,,,
,,,,,,,,,
,,,,,,,,,
,,,,,,,,,
,,,,,,,,,
,,,,,,,,,
,,,,,,,,,
,,,,,,,,,
,,,,,,,,,
,,,,,,,,,
,,,,,,,,,
,,,,,,,,,
,,,,,,,,,
,,,,,,,,,
,,,,,,,,,
,,,,,,,,,
,,,,,,,,,
,,,,,,,,,
,,,,,,,,,
,,,,,,,,,
,,,,,,,,,
,,,,,,,,,
,,,,,,,,,
,,,,,,,,,
,,,,,,,,,
,,,,,,,,,
,,,,,,,,,
,,,,,,,,,
,,,,,,,,,
,,,,,,,,,
,,,,,,,,,
,,,,,,,,,
,,,,,,,,,
,,,,,,,,,
,,,,,,,,,
,,,,,,,,,
,,,,,,,,,
,,,,,,,,,
,,,,,,,,,
,,,,,,,,,
,,,,,,,,,
,,,,,,,,,
,,,,,,,,,
,,,,,,,,,
,,,,,,,,,
,,,,,,,,,
,,,,,,,,,
,,,,,,,,,
,,,,,,,,,
,,,,,,,,,
,,,,,,,,,
,,,,,,,,,
,,,,,,,,,
,,,,,,,,,
,,,,,,,,,
,,,,,,,,,
,,,,,,,,,
,,,,,,,,,
,,,,,,,,,
,,,,,,,,,
,,,,,,,,,
,,,,,,,,,
,,,,,,,,,
,,,,,,,,,
,,,,,,,,,
,,,,,,,,,
,,,,,,,,,
,,,,,,,,,
,,,,,,,,,
,,,,,,,,,
,,,,,,,,,
,,,,,,,,,
,,,,,,,,,
,,,,,,,,,
,,,,,,,,,
,,,,,,,,,
,,,,,,,,,
,,,,,,,,,
,,,,,,,,,
,,,,,,,,,
,,,,,,,,,
,,,,,,,,,
,,,,,,,,,
,,,,,,,,,
,,,,,,,,,
,,,,,,,,,
,,,,,,,,,
,,,,,,,,,
,,,,,,,,,
,,,,,,,,,
,,,,,,,,,
,,,,,,,,,
,,,,,,,,,
,,,,,,,,,
,,,,,,,,,
,,,,,,,,,
,,,,,,,,,
,,,,,,,,,
,,,,,,,,,
,,,,,,,,,
,,,,,,,,,
,,,,,,,,,
,,,,,,,,,
,,,,,,,,,
,,,,,,,,,
,,,,,,,,,
,,,,,,,,,
,,,,,,,,,
,,,,,,,,,
,,,,,,,,,
,,,,,,,,,
,,,,,,,,,
,,,,,,,,,
,,,,,,,,,
,,,,,,,,,
,,,,,,,,,
,,,,,,,,,
,,,,,,,,,
,,,,,,,,,
,,,,,,,,,
,,,,,,,,,
,,,,,,,,,
,,,,,,,,,
,,,,,,,,,
,,,,,,,,,
,,,,,,,,,
,,,,,,,,,
,,,,,,,,,
,,,,,,,,,
,,,,,,,,,
,,,,,,,,,
,,,,,,,,,
,,,,,,,,,
,,,,,,,,,
,,,,,,,,,
,,,,,,,,,
,,,,,,,,,
,,,,,,,,,
,,,,,,,,,
,,,,,,,,,
