dateTime,subplotID,nestedPlot,run,soilCO2Efflux,soilTemp,VWC,notes
5/15/2019 12:53,A03E,c,1,1.87,10,14,
5/15/2019 12:55,A03E,c,2,1.85,10,14,
5/15/2019 12:57,A03E,n,1,2.76,11.4,12,
5/15/2019 12:58,A03E,n,2,2.88,11.4,12,
5/15/2019 13:01,A03E,e,1,2.89,10.4,13,
5/15/2019 13:02,A03E,e,2,3.07,10.4,13,
5/15/2019 13:04,A03E,s,1,2.16,12.4,14,
5/15/2019 13:05,A03E,s,2,2.43,12.4,14,
5/15/2019 13:07,A03E,w,1,1.93,11.2,14,
5/15/2019 13:09,A03E,w,2,2.15,11.1,14,
5/15/2019 13:13,A03W,n,1,3.14,9.7,12,
5/15/2019 13:14,A03W,n,2,3.15,9.7,12,
5/15/2019 13:17,A03W,e,1,2.76,11.4,13,
5/15/2019 13:18,A03W,e,2,2.74,11.4,13,
5/15/2019 13:20,A03W,s,1,2.02,10.1,13,
5/15/2019 13:21,A03W,s,2,2.18,10.1,13,
5/15/2019 13:24,A03W,w,1,2.31,20.1,10,
5/15/2019 13:25,A03W,w,2,2.37,20.1,10,
5/15/2019 13:31,A01E,c,1,2.91,12.6,13,
5/15/2019 13:32,A01E,c,2,2.88,12.6,13,
5/15/2019 13:35,A01E,n,1,1.74,12.3,13,
5/15/2019 13:37,A01E,n,2,1.82,12.3,13,
5/15/2019 13:40,A01E,w,1,2.35,10.1,14,
5/15/2019 13:41,A01E,w,2,2.57,10.1,14,
5/15/2019 13:44,A01E,s,1,1.68,12.2,14,
5/15/2019 13:45,A01E,s,2,1.76,12.2,14,
5/15/2019 13:48,A01E,e,1,2.91,11.1,15,
5/15/2019 13:49,A01E,e,2,2.9,11.1,15,
5/15/2019 13:53,A01W,c,1,1.71,13,10,
5/15/2019 13:55,A01W,c,2,1.7,13,10,
5/15/2019 13:57,A01W,n,1,1.57,12.8,12,
5/15/2019 13:58,A01W,n,2,1.59,12.8,12,
5/15/2019 14:03,A01W,w,1,3.04,11.5,11,
5/15/2019 14:04,A01W,w,2,2.93,11.5,11,
5/15/2019 14:06,A01W,s,1,1.88,12.1,12,
5/15/2019 14:07,A01W,s,2,1.98,12.1,12,
5/15/2019 14:10,A01W,e,1,2.36,13.4,12,
5/15/2019 14:11,A01W,e,2,2.55,13.4,12,
5/15/2019 14:17,A02W,c,1,2.15,10.2,13,
5/15/2019 14:18,A02W,c,2,2.36,10.2,13,
5/15/2019 14:22,A02W,n,1,2.17,13.1,12,
5/15/2019 14:23,A02W,n,2,2.42,13.1,12,
5/15/2019 14:26,A02W,e,1,1.52,12,15,
5/15/2019 14:27,A02W,e,2,1.58,12,15,
5/15/2019 14:30,A02W,s,1,1.72,13.2,16,
5/15/2019 14:31,A02W,s,2,1.73,13.2,16,
5/15/2019 14:33,A02W,w,1,2.09,8.1,15,
5/15/2019 14:35,A02W,w,2,1.9,8.1,15,
5/15/2019 14:39,A02E,c,1,1.35,14.1,12,
5/15/2019 14:41,A02E,c,2,1.34,14.1,12,
5/15/2019 14:43,A02E,n,1,3.33,10.6,16,
5/15/2019 14:44,A02E,n,2,3.35,10.6,16,
5/15/2019 14:47,A02E,w,1,2.53,12.6,12,
5/15/2019 14:48,A02E,w,2,2.66,12.6,12,
5/15/2019 14:50,A02E,s,1,1.79,13.2,9,
5/15/2019 14:51,A02E,s,2,2.44,13.2,9,
5/15/2019 14:54,A02E,e,1,1.54,14.3,13,
5/15/2019 14:56,A02E,e,2,1.47,14.3,13,
5/15/2019 15:01,A04W,c,1,3.37,10.8,14,
5/15/2019 15:02,A04W,c,2,3.62,10.8,14,
5/15/2019 15:05,A04W,n,1,3.2,10.7,17,
5/15/2019 15:06,A04W,n,2,3.32,10.7,17,
5/15/2019 15:09,A04W,w,1,1.83,11.1,19,
5/15/2019 15:10,A04W,w,2,2.02,11.1,19,
5/15/2019 15:12,A04W,s,1,2.31,10.4,14,
5/15/2019 15:13,A04W,s,2,2.61,10.4,14,
5/15/2019 15:15,A04W,e,1,2.7,11.1,17,
5/15/2019 15:16,A04W,e,2,2.9,11.1,17,
5/15/2019 15:20,A04E,n,1,1.48,12.1,9,
5/15/2019 15:21,A04E,n,2,1.6,12.1,9,
5/15/2019 15:24,A04E,c,1,2.28,12.6,7,
5/15/2019 15:25,A04E,c,2,2.3,12.6,7,
5/15/2019 15:31,A04E,w,1,8.49,10,17,
5/15/2019 15:32,A04E,w,2,8.69,10,17,
5/15/2019 15:34,A04E,s,1,2.59,11.3,9,
5/15/2019 15:35,A04E,s,2,2.75,11.3,9,
5/15/2019 15:38,A04E,e,1,1.34,12.5,8,
5/15/2019 15:40,A04E,e,2,1.31,12.5,8,
5/24/2019 7:40,A03E,c,1,2.39,9.7,26,9.33am start time: cloudy
5/24/2019 7:42,A03E,c,2,2.25,9.7,26,
5/24/2019 7:44,A03E,n,1,2.3,10.1,15,
5/24/2019 7:45,A03E,n,2,2.29,10.1,15,
5/24/2019 7:48,A03E,e,1,2.82,9,17,
5/24/2019 7:49,A03E,e,2,2.84,9,17,
5/24/2019 7:52,A03E,s,1,3.43,9.1,19,
5/24/2019 7:53,A03E,s,2,3.29,9.1,19,
5/24/2019 7:55,A03E,w,1,2.4,9.4,15,
5/24/2019 7:57,A03E,w,2,2.34,9.4,15,
5/24/2019 8:00,A03W,c,1,2.31,10.6,11,
5/24/2019 8:02,A03W,c,2,2.18,10.6,11,
5/24/2019 8:04,A03W,n,1,2.63,9.3,15,
5/24/2019 8:05,A03W,n,2,2.61,9.3,15,
5/24/2019 8:10,A03W,e,1,2.61,10.6,17,
5/24/2019 8:11,A03W,e,2,2.47,10.6,17,
5/24/2019 8:14,A03W,s,1,1.97,9.6,17,
5/24/2019 8:16,A03W,s,2,1.97,9.6,17,
5/24/2019 8:19,A03W,w,1,1.5,10.9,17,
5/24/2019 8:21,A03W,w,2,1.46,10.9,17,
5/24/2019 8:31,A01E,c,1,3.09,9.4,18,
5/24/2019 8:32,A01E,c,2,2.96,9.4,18,
5/24/2019 8:35,A01E,n,1,1.32,10,16,
5/24/2019 8:37,A01E,n,2,1.31,10,16,
5/24/2019 8:40,A01E,e,1,2.48,10,18,
5/24/2019 8:42,A01E,e,2,2.49,10,18,
5/24/2019 8:45,A01E,s,1,1.42,10.3,16,
5/24/2019 8:47,A01E,s,2,1.37,10.3,16,
5/24/2019 8:50,A01E,w,1,2.83,9.3,18,
5/24/2019 8:51,A01E,w,2,2.56,9.3,18,
5/24/2019 8:54,A01W,c,1,1.45,10.2,14,
5/24/2019 8:56,A01W,c,2,1.49,10.2,14,
5/24/2019 8:59,A01W,n,1,1.53,9.8,15,
5/24/2019 9:01,A01W,n,2,1.48,9.8,15,
5/24/2019 9:03,A01W,w,1,2.17,9.7,11,
5/24/2019 9:05,A01W,w,2,2.17,9.7,11,
5/24/2019 9:08,A01W,s,1,2.36,10,19,
5/24/2019 9:09,A01W,s,2,2.29,10,19,
5/24/2019 9:12,A01W,e,1,2.21,10.3,13,
5/24/2019 9:13,A01W,e,2,2.22,10.3,13,
5/24/2019 9:18,A02W,c,1,1.95,9.4,18,
5/24/2019 9:19,A02W,c,2,2.06,9.4,18,
5/24/2019 9:23,A02W,s,1,1.84,9.8,17,
5/24/2019 9:24,A02W,s,2,1.69,9.8,17,
5/24/2019 9:26,A02W,w,1,3.17,8.6,19,
5/24/2019 9:27,A02W,w,2,3.06,8.6,19,
5/24/2019 9:30,A02W,n,1,2.57,10.3,16,
5/24/2019 9:31,A02W,n,2,2.47,10.3,16,
5/24/2019 9:35,A02W,e,1,1.33,10,21,
5/24/2019 9:37,A02W,e,2,1.5,10,21,
5/24/2019 9:54,A02E,c,1,1.55,10.7,14,
5/24/2019 9:56,A02E,c,2,1.56,10.7,14,
5/24/2019 9:59,A02E,n,1,4.84,9.5,16,
5/24/2019 9:59,A02E,n,2,4.75,9.5,16,
5/24/2019 10:07,A02E,w,5,2.4,10.4,17,Several other bad measurements
5/24/2019 10:08,A02E,w,6,2.4,10.4,17,
5/24/2019 10:11,A02E,s,1,1.66,10.2,17,
5/24/2019 10:13,A02E,s,2,1.7,10.2,17,
5/24/2019 10:15,A02E,e,1,1.81,11,16,
5/24/2019 10:17,A02E,e,2,1.74,11,16,
5/24/2019 10:22,A04W,c,1,4.1,9.6,15,
5/24/2019 10:23,A04W,c,2,4.06,9.6,15,
5/24/2019 10:25,A04W,n,1,2.76,9.2,19,
5/24/2019 10:26,A04W,n,2,2.95,9.2,19,
5/24/2019 10:29,A04W,w,1,2.55,9.8,17,
5/24/2019 10:30,A04W,w,2,2.53,9.8,17,
5/24/2019 10:32,A04W,s,1,2.77,9.4,16,
5/24/2019 10:33,A04W,s,2,2.82,9.4,16,
5/24/2019 10:35,A04W,e,1,2.81,10.1,17,
5/24/2019 10:36,A04W,e,2,2.94,10.1,17,
5/24/2019 10:39,A04E,c,1,1.76,11,9,
5/24/2019 10:41,A04E,c,2,1.69,11,9,
5/24/2019 10:44,A04E,n,1,1.55,10.1,14,
5/24/2019 10:46,A04E,n,2,1.5,10.1,14,
5/24/2019 10:49,A04E,e,1,1.32,10.5,16,
5/24/2019 10:51,A04E,e,2,1.28,10.5,16,
5/24/2019 10:54,A04E,s,1,2.37,9.6,18,
5/24/2019 10:55,A04E,s,2,2.49,9.6,18,
5/24/2019 10:57,A04E,w,1,8.39,10,14,
5/24/2019 10:58,A04E,w,2,7.76,10,14,End time: 12.53pm
6/5/2019 11:10,A03E,c,3,1.94,10.1,12,1:02pm start time. cloudy
6/5/2019 11:12,A03E,c,4,1.84,10.1,12,first two measurements bad
6/5/2019 11:14,A03E,n,1,2.38,10.6,11,
6/5/2019 11:16,A03E,n,2,2.31,10.6,11,
6/5/2019 11:18,A03E,e,1,3.03,9.9,12,
6/5/2019 11:19,A03E,e,2,2.92,9.9,12,
6/5/2019 11:22,A03E,s,1,2.46,10.1,12,
6/5/2019 11:23,A03E,s,2,2.54,10.1,12,
6/5/2019 11:25,A03E,w,1,3.1,10.3,12,
6/5/2019 11:26,A03E,w,2,2.74,10.3,12,
6/5/2019 11:33,A03W,c,1,1.63,11.3,7,
6/5/2019 11:35,A03W,c,2,1.69,11.3,7,
6/5/2019 11:37,A03W,n,1,2.49,10.2,10,
6/5/2019 11:39,A03W,n,2,2.68,10.2,10,
6/5/2019 11:41,A03W,e,1,2.02,10.2,12,
6/5/2019 11:43,A03W,e,2,1.98,10.2,12,
6/5/2019 11:46,A03W,s,1,2.23,10.3,12,
6/5/2019 11:47,A03W,s,2,1.99,10.3,12,
6/5/2019 11:51,A03W,w,1,1.28,11.4,10,
6/5/2019 11:53,A03W,w,2,1.29,11.4,10,
6/5/2019 11:59,A01E,c,1,2.97,9.9,15,
6/5/2019 12:00,A01E,c,2,2.79,9.9,15,
6/5/2019 12:02,A01E,n,1,1.64,10.6,13,
6/5/2019 12:04,A01E,n,2,1.59,10.6,13,
6/5/2019 12:12,A01E,e,5,2.23,11,16,first measurement bad
6/5/2019 12:13,A01E,e,6,2.39,11,16,
6/5/2019 12:16,A01E,s,1,1.27,11,12,
6/5/2019 12:18,A01E,s,2,1.28,11,12,
6/5/2019 12:21,A01E,w,1,2.94,10.4,12,
6/5/2019 12:22,A01E,w,2,2.76,10.4,12,
6/5/2019 12:25,A01W,c,1,1.7,11,14,
6/5/2019 12:26,A01W,c,2,1.68,11,14,
6/5/2019 12:29,A01W,e,1,1.68,10.8,10,
6/5/2019 12:31,A01W,e,2,1.68,10.8,10,
6/5/2019 12:34,A01W,s,1,1.85,10.6,12,
6/5/2019 12:35,A01W,s,2,1.77,10.6,12,
6/5/2019 12:38,A01W,w,1,2.89,10,9,
6/5/2019 12:39,A01W,w,2,2.61,10,9,
6/5/2019 12:42,A01W,n,1,2.07,10.4,11,
6/5/2019 12:44,A01W,n,2,1.89,10.4,11,
6/5/2019 12:53,A02E,w,1,2.76,10.9,11,
6/5/2019 12:54,A02E,w,2,2.48,10.9,11,
6/5/2019 12:57,A02E,c,1,1.67,10.6,13,
6/5/2019 12:59,A02E,c,2,1.55,10.6,13,
6/5/2019 13:01,A02E,n,1,4.84,9.8,12,
6/5/2019 13:02,A02E,n,2,4.53,9.8,12,
6/5/2019 13:05,A02E,e,1,1.53,10.4,13,
6/5/2019 13:07,A02E,e,2,1.49,10.4,13,
6/5/2019 13:09,A02E,s,1,2.28,10.8,6,
6/5/2019 13:11,A02E,s,2,2.17,10.8,6,
6/5/2019 13:15,A02W,c,1,1.95,10,15,
6/5/2019 13:16,A02W,c,2,1.96,10,15,
6/5/2019 13:19,A02W,s,1,1.76,10.3,10,
6/5/2019 13:21,A02W,s,2,1.59,10.3,10,
6/5/2019 13:23,A02W,w,1,3.01,10.2,15,
6/5/2019 13:24,A02W,w,2,3.05,10.2,15,
6/5/2019 13:27,A02W,n,1,1.93,11,11,
6/5/2019 13:29,A02W,n,2,1.87,11,11,
6/5/2019 13:31,A02W,e,1,1.97,10.5,12,
6/5/2019 13:33,A02W,e,2,1.97,10.5,12,
6/5/2019 13:43,A04W,c,1,2.65,10.2,14,
6/5/2019 13:45,A04W,c,2,2.71,10.2,14,
6/5/2019 13:46,A04W,n,1,2.48,9.9,17,
6/5/2019 13:48,A04W,n,2,2.56,9.9,17,
6/5/2019 13:51,A04W,w,1,1.95,10.2,11,
6/5/2019 13:52,A04W,w,2,2.03,10.2,11,
6/5/2019 13:54,A04W,s,1,2.46,10,12,
6/5/2019 13:56,A04W,s,2,2.5,10,12,
6/5/2019 13:58,A04W,e,1,2.79,10.2,12,
6/5/2019 13:59,A04W,e,2,2.94,10.2,12,
6/5/2019 14:02,A04E,c,1,1.67,10.9,6,
6/5/2019 14:04,A04E,c,2,1.62,10.9,6,
6/5/2019 14:07,A04E,n,1,1.18,10.3,8,
6/5/2019 14:09,A04E,n,2,1.12,10.3,8,
6/5/2019 14:13,A04E,e,1,1.49,10.9,12,
6/5/2019 14:16,A04E,e,2,1.51,10.9,12,
6/5/2019 14:18,A04E,s,1,3.2,10,8,
6/5/2019 14:19,A04E,s,2,3,10,8,
6/5/2019 14:21,A04E,w,1,11.9,10.2,10,
6/5/2019 14:22,A04E,w,2,11.2,10.2,10,end time: 4:17pm
NA,A01W,c,1,2.92,17.52,14,
NA,A01W,c,2,2.97,17.52,14,
NA,A01W,n,3,3.5,16.89,12,
NA,A01W,n,4,3.07,16.89,12,
NA,A01W,w,3,6.22,16.52,10,
NA,A01W,w,4,5.21,16.52,10,
NA,A01W,s,3,3.05,16.85,13,
NA,A01W,s,4,3.36,16.85,13,
NA,A01E,c,3,5.57,17.02,15,
NA,A01E,c,4,5.49,17.02,15,
NA,A01E,n,3,3.75,17.29,8,
NA,A01E,n,4,3.44,17.29,8,
NA,A01E,e,1,4.44,17.62,14,
NA,A01E,e,2,4.14,17.62,14,
NA,A01E,s,1,2.17,17.5,15,
NA,A01E,s,2,2.25,17.5,15,
NA,A01E,w,3,5.45,16.55,10,
NA,A01E,w,4,5.47,16.55,10,
NA,A03E,c,3,4.2,15.99,11,
NA,A03E,c,4,3.85,15.99,11,
NA,A03E,n,1,7.31,16.25,9,
NA,A03E,n,2,7.06,16.25,9,
NA,A03E,w,3,7.15,16.59,7,
NA,A03E,w,4,6.41,16.59,7,
NA,A03E,s,1,5.87,15.88,11,
NA,A03E,s,2,5.84,15.88,11,
NA,A03E,e,1,5.32,15.9,10,
NA,A03E,e,2,5.54,15.9,10,
NA,A04W,c,1,8.27,15.83,10,
NA,A04W,c,2,7.45,15.83,10,
NA,A04W,n,5,7.92,15.76,12,
NA,A04W,n,6,8.08,15.76,12,
NA,A04W,s,3,6.78,15.69,12,
NA,A04W,s,4,6.7,15.69,12,
NA,A04W,e,5,5.78,15.85,15,
NA,A04W,e,6,6.25,15.85,15,
NA,A04W,w,1,5.5,15.8,11,
NA,A04W,w,2,5.19,15.8,11,
NA,A04E,c,3,4.8,18.1,9,
NA,A04E,c,4,4.44,18.1,9,
NA,A04E,n,1,2.73,16.67,5,
NA,A04E,n,2,2.41,16.67,5,
NA,A04E,e,1,3.39,17.53,11,
NA,A04E,e,2,3.35,17.53,11,
NA,A04E,s,1,5.59,15.61,8,
NA,A04E,s,2,5.18,15.61,8,
NA,A04E,w,1,20.3,15.61,7,
NA,A04E,w,2,25.1,15.61,7,
NA,A02E,c,1,2.5,16.79,13,
NA,A02E,c,2,2.17,16.79,13,
NA,A02E,n,3,8.66,15.82,12,
NA,A02E,n,4,8.75,15.82,12,
NA,A02E,w,1,4.86,16.5,13,
NA,A02E,w,2,4.32,16.5,13,
NA,A02E,s,3,2.79,16.67,5,
NA,A02E,s,4,2.68,16.67,5,
NA,A02E,e,1,3.59,16.68,13,
NA,A02E,e,2,3.26,16.68,13,
NA,A02W,c,1,4.09,15.95,13,
NA,A02W,c,2,3.95,15.95,13,
NA,A02W,s,1,3.56,16.51,12,
NA,A02W,s,2,3.19,16.51,12,
NA,A02W,e,1,2.68,16.42,10,
NA,A02W,e,2,2.46,16.42,10,
NA,A02W,n,5,3.2,17.53,12,
NA,A02W,n,6,3.12,17.53,12,
NA,A02W,w,1,7.91,15.74,10,
NA,A02W,w,2,8.05,15.74,10,
NA,A03W,c,3,3.03,17.23,10,
NA,A03W,c,4,3.05,17.23,10,
NA,A03W,n,1,5.71,15.88,11,
NA,A03W,n,2,5.86,15.88,11,
NA,A03W,w,1,2.34,17.7,9,
NA,A03W,w,2,2.34,17.7,9,
NA,A03W,s,1,7.07,16.32,9,
NA,A03W,s,2,6.86,16.32,9,
NA,A03W,e,1,3.25,16.53,9,
NA,A03W,e,2,3.6,16.53,9,
NA,A03W,c,1,5.51,20.59,11,"start time: 10:02am, partly cloudy, very humid, rain in the past 24 hrs"
NA,A03W,c,2,5.79,20.59,11,
NA,A03W,n,1,8.47,19.11,11,
NA,A03W,n,2,8.93,19.11,11,
NA,A03W,e,5,6.44,19.21,13,
NA,A03W,e,6,6.23,19.21,13,
NA,A03W,s,3,11.2,19.81,13,
NA,A03W,s,4,11.9,19.81,13,
NA,A03W,w,3,3.69,21.21,10,
NA,A03W,w,4,3.69,21.21,10,
NA,A03E,c,3,6.96,19.22,12,
NA,A03E,c,4,8.35,19.22,12,
NA,A03E,n,5,4.7,20.3,10,
NA,A03E,n,6,4.96,20.3,10,
NA,A03E,e,5,7.71,18.72,11,
NA,A03E,e,6,7.82,18.72,11,
NA,A03E,s,5,6.84,18.31,10,
NA,A03E,s,6,9.02,18.31,10,
NA,A03E,w,1,10.4,19.8,7,
NA,A03E,w,2,9.63,19.8,7,
NA,A01W,c,3,4.59,21.2,12,
NA,A01W,c,4,4.69,21.2,12,
NA,A01W,n,3,3.79,20.4,9,IRGA fell off for runs 1&2
NA,A01W,n,4,3.45,20.4,9,
NA,A01W,w,3,6.38,20.58,12,
NA,A01W,w,4,6.24,20.58,12,
NA,A01W,s,1,3.01,19.59,11,
NA,A01W,s,2,2.8,19.59,11,
NA,A01W,e,1,4.55,21.28,7,
NA,A01W,e,2,4.33,21.28,7,
NA,A01E,c,3,7.62,20.82,16,
NA,A01E,c,4,7.81,20.82,16,
NA,A01E,n,5,3.76,19.74,9,
NA,A01E,n,6,4.15,19.74,9,
NA,A01E,w,1,7.66,19.36,10,
NA,A01E,w,2,6.97,19.36,10,
NA,A01E,s,3,2.87,21.43,12,
NA,A01E,s,4,2.93,21.43,12,
NA,A01E,e,3,5.95,20.55,16,missed 1st reading
NA,A01E,e,4,5.58,20.55,16,
NA,A02W,c,1,5.09,19.36,16,
NA,A02W,c,2,4.62,19.36,16,
NA,A02W,n,1,4.68,21.37,10,
NA,A02W,n,2,4.77,21.37,10,
NA,A02W,w,5,10.6,18.43,10,
NA,A02W,w,6,11.3,18.43,10,
NA,A02W,s,3,3.98,19.83,12,
NA,A02W,s,4,3.76,19.83,12,
NA,A02W,e,1,4.36,20.47,15,
NA,A02W,e,2,3.94,20.47,15,
NA,A02E,c,3,3.02,21.19,13,
NA,A02E,c,4,3.27,21.19,13,
NA,A02E,n,3,11.5,19.41,11,
NA,A02E,n,4,11.9,19.41,11,
NA,A02E,w,3,5.15,21.71,11,
NA,A02E,w,4,5.09,21.71,11,
NA,A02E,s,1,3.9,20.66,10,
NA,A02E,s,2,3.97,20.66,10,
NA,A02E,e,5,3.74,21.44,14,
NA,A02E,e,6,4.13,21.44,14,
NA,A04W,c,5,14.7,21.26,11,
NA,A04W,c,6,13.2,21.26,11,
NA,A04W,n,3,16.2,19.91,12,
NA,A04W,n,4,16.9,19.91,12,
NA,A04W,w,1,7.73,21.25,16,
NA,A04W,w,2,7.8,21.25,16,
NA,A04W,s,1,8.42,20.14,14,
NA,A04W,s,2,9.46,20.14,14,
NA,A04W,e,1,13.3,20.54,12,
NA,A04W,e,2,11.8,20.54,12,
NA,A04E,c,1,5.32,22.35,6,
NA,A04E,c,2,5.15,22.35,6,
NA,A04E,n,1,4.3,21.12,14,
NA,A04E,n,2,4.56,21.12,14,
NA,A04E,w,3,32.1,19.59,9,
NA,A04E,w,4,27.7,19.59,9,
NA,A04E,s,5,8.56,19.43,7,
NA,A04E,s,6,9.04,19.43,7,
NA,A04E,e,5,4.33,22.94,6,
NA,A04E,e,6,4.75,22.94,6,end time: 2:58pm
NA,A03W,c,3,2.76,15.29,10,"start time 8:56 clear sky, rain past 24 hrs"
NA,A03W,c,4,2.64,15.29,10,
NA,A03W,n,3,5.2,15.38,13,
NA,A03W,n,4,5,15.38,13,
NA,A03W,w,3,1.89,15.23,9,
NA,A03W,w,4,1.81,15.23,9,
NA,A03W,s,3,5.51,15.63,12,
NA,A03W,s,4,5.5,15.63,12,
NA,A03W,e,1,3.68,15.46,9,
NA,A03W,e,2,3.49,15.46,9,
NA,A03E,c,3,4.86,15.88,11,
NA,A03E,c,4,4.39,15.88,11,
NA,A03E,n,1,4.18,15.58,9,
NA,A03E,n,2,4.25,15.58,9,
NA,A03E,w,1,5.59,15.91,17,
NA,A03E,w,2,5.77,15.91,17,
NA,A03E,s,1,6.36,15.71,11,
NA,A03E,s,2,5.73,15.71,11,
NA,A03E,e,1,5.65,15.73,14,
NA,A03E,e,2,5.4,15.73,14,
NA,A04E,c,3,3.54,15.94,7,
NA,A04E,c,4,3.69,15.94,7,
NA,A04E,n,3,2.36,15.75,11,
NA,A04E,n,4,2.28,15.75,11,
NA,A04E,e,3,3.59,16.31,6,
NA,A04E,e,4,3.46,16.31,6,
NA,A04E,s,1,4.85,15.51,10,
NA,A04E,s,2,4.48,15.51,10,
NA,A04E,w,3,14.9,15.65,14,
NA,A04E,w,4,14.5,15.65,14,
NA,A04W,c,1,5.44,15.33,15,
NA,A04W,c,2,5.99,15.33,15,
NA,A04W,n,5,5.84,15.51,10,
NA,A04W,n,6,7.17,15.51,10,
NA,A04W,e,1,6.18,15.63,12,
NA,A04W,e,2,6.11,15.63,12,
NA,A04W,s,1,4.83,15.37,10,
NA,A04W,s,2,4.98,15.37,10,
NA,A04W,w,3,4.47,15.44,11,
NA,A04W,w,4,4.15,15.44,11,
NA,A02E,c,1,2.33,15.5,13,
NA,A02E,c,2,2.27,15.5,13,
NA,A02E,n,5,7.96,15.58,12,
NA,A02E,n,6,7.12,15.58,12,
NA,A02E,e,3,2.69,15.69,11,
NA,A02E,e,4,2.78,15.69,11,
NA,A02E,s,3,2.91,15.77,7,
NA,A02E,s,4,2.69,15.77,7,
NA,A02E,w,3,3.1,15.59,11,
NA,A02E,w,4,2.98,15.59,11,
NA,A02W,c,5,2.79,15.52,16,
NA,A02W,c,6,2.83,15.52,16,
NA,A02W,n,1,2.47,16.74,10,
NA,A02W,n,2,2.53,16.74,10,
NA,A02W,e,1,2.85,15.68,17,
NA,A02W,e,2,2.97,15.68,17,
NA,A02W,s,3,2.51,15.7,7,
NA,A02W,s,4,2.42,15.7,7,
NA,A02W,w,3,7.71,15.81,13,
NA,A02W,w,4,8.01,15.81,13,
NA,A01W,c,1,2.6,16.53,7,
NA,A01W,c,2,2.63,16.53,7,
NA,A01W,n,3,2.47,16.26,9,
NA,A01W,n,4,2.23,16.26,9,
NA,A01W,w,3,4.26,16.31,7,
NA,A01W,w,4,4.54,16.31,7,
NA,A01W,s,1,2.59,15.66,12,
NA,A01W,s,2,2.37,15.66,12,
NA,A01W,e,1,2.62,17.07,9,
NA,A01W,e,2,2.46,17.07,9,
NA,A01E,c,1,4.72,17.18,21,
NA,A01E,c,2,4.39,17.18,21,
NA,A01E,n,1,2.91,16.2,12,
NA,A01E,n,2,2.87,16.2,12,
NA,A01E,w,1,4.71,16.17,13,
NA,A01E,w,2,4.52,16.17,13,
NA,A01E,s,1,2,16.35,12,
NA,A01E,s,2,1.9,16.35,12,
NA,A01E,e,3,4.09,16.87,15,
NA,A01E,e,4,3.89,16.87,15,
NA,A03E,c,1,5.48,17.94,15,
NA,A03E,c,2,5.45,17.94,15,
NA,A03E,n,3,4.38,18.17,8,
NA,A03E,n,4,4.46,18.17,8,
NA,A03E,e,3,5.75,18.15,9,
NA,A03E,e,4,6.14,18.15,9,
NA,A03E,s,1,6.07,17.19,4,
NA,A03E,s,2,5.97,17.19,4,
NA,A03E,w,1,6.48,17.7,11,
NA,A03E,w,2,6.15,17.7,11,
NA,A03W,c,1,3.48,18.94,7,
NA,A03W,c,2,3.61,18.94,7,
NA,A03W,n,1,6.21,17.4,10,
NA,A03W,n,2,5.96,17.4,10,
NA,A03W,w,1,2.31,19.59,8,
NA,A03W,w,2,2.26,19.59,8,
NA,A03W,s,1,4.98,18.22,8,
NA,A03W,s,2,4.61,18.22,8,
NA,A03W,e,1,4.27,17.72,9,
NA,A03W,e,2,4.12,17.72,9,
NA,A01W,c,1,2.45,18.36,8,
NA,A01W,c,6,2.8,18.36,8,
NA,A01W,n,1,2.54,17.92,5,
NA,A01W,n,2,2.68,17.92,5,
NA,A01W,w,1,6.39,17.83,8,
NA,A01W,w,2,6.37,17.83,8,
NA,A01W,s,1,2.76,18.01,10,
NA,A01W,s,2,2.68,18.01,10,
NA,A01W,e,1,2.82,18.77,9,
NA,A01W,e,2,3.04,18.77,9,
NA,A01E,c,1,5.15,18.82,13,
NA,A01E,c,2,4.73,18.82,13,
NA,A01E,n,1,3.46,18.07,9,
NA,A01E,n,2,3.29,18.07,9,
NA,A01E,w,1,3.91,17.49,9,
NA,A01E,w,2,4.16,17.49,9,
NA,A01E,s,1,1.97,18.49,9,
NA,A01E,s,2,1.91,18.49,9,
NA,A01E,e,1,3.81,18.71,14,
NA,A01E,e,2,3.83,18.71,14,
NA,A02W,c,1,3.42,17.12,13,
NA,A02W,c,2,3.25,17.12,13,
NA,A02W,n,3,2.82,18.83,12,
NA,A02W,n,4,2.71,18.83,12,
NA,A02W,w,5,7.4,17.34,14,
NA,A02W,w,6,7.73,17.34,14,
NA,A02W,s,1,3.14,17.71,10,
NA,A02W,s,2,2.89,17.71,10,
NA,A02W,e,5,2.9,18.24,14,
NA,A02W,e,6,2.99,18.24,14,
NA,A02E,c,5,2.23,18.91,12,
NA,A02E,c,6,2.34,18.91,12,
NA,A02E,n,3,10.5,16.78,7,
NA,A02E,n,4,9.97,16.78,7,
NA,A02E,w,1,4.01,18.81,10,
NA,A02E,w,2,3.76,18.81,10,
NA,A02E,s,3,2.57,17.71,8,
NA,A02E,s,4,2.67,17.71,8,
NA,A02E,e,1,3.32,19.01,12,
NA,A02E,e,2,3.21,19.01,12,
NA,A04W,c,5,7.51,17.59,6,
NA,A04W,c,6,8.67,17.59,6,
NA,A04W,n,5,14.1,17.44,10,
NA,A04W,n,6,11.7,17.44,10,
NA,A04W,w,5,6.03,18.4,11,
NA,A04W,w,6,6.21,18.4,11,
NA,A04W,s,3,5.77,17.83,11,
NA,A04W,s,4,5.61,17.83,11,
NA,A04W,e,1,8.97,18.35,10,
NA,A04W,e,2,9.2,18.35,10,
NA,A04E,c,1,5.01,19.57,11,
NA,A04E,c,2,4.82,19.57,11,
NA,A04E,w,1,18.2,18.04,9,
NA,A04E,w,2,18.6,18.04,9,
NA,A04E,n,1,3.77,18.13,9,
NA,A04E,n,2,3.68,18.13,9,
NA,A04E,e,1,4.51,19.4,4,
NA,A04E,e,2,4.15,19.4,4,
NA,A04E,s,1,8.3,17.33,6,
NA,A04E,s,2,7.57,17.33,6,
NA,A03E,c,1,0.92,1.6,13.8,
NA,A03E,c,2,0.884,1.6,13.8,start 9:45a; clear skies with intermittent snowing
NA,A03E,n,1,1.52,1.3,11.2,
NA,A03E,n,2,1.42,1.3,11.2,
NA,A03E,s,1,1.67,2.6,12.1,
NA,A03E,s,2,1.55,2.6,12.1,
NA,A03W,c,1,0.97,0.6,7.7,
NA,A03W,c,2,0.9,0.6,7.7,
NA,A03W,n,1,1.65,0.7,8.1,
NA,A03W,n,2,1.38,0.7,8.1,
NA,A03W,s,1,1.25,1.6,9.9,
NA,A03W,s,2,1.18,1.6,9.9,
NA,A01E,c,1,1.56,2,10.5,
NA,A01E,c,2,1.33,2,10.5,
NA,A01E,n,1,0.677,1.1,9.1,
NA,A01E,n,2,0.649,1.1,9.1,
NA,A01E,s,1,0.205,0.8,8.7,
NA,A01E,s,2,0.257,0.8,8.7,
NA,A01W,c,1,0.785,1.2,7.8,
NA,A01W,c,2,0.603,1.2,7.8,
NA,A01W,n,1,0.54,1.6,7.3,
NA,A01W,n,2,0.569,1.6,7.3,
NA,A01W,s,1,0.204,1.5,11.2,
NA,A01W,s,2,0.318,1.5,11.2,
NA,A02W,c,1,0.744,2.4,12,
NA,A02W,c,2,0.664,2.4,12,
NA,A02W,s,1,0.875,1.3,13,
NA,A02W,s,2,0.754,1.3,13,
NA,A02W,n,1,0.523,0.8,10.8,
NA,A02W,n,2,0.332,0.8,10.8,
NA,A02E,c,1,0.713,1,9.9,
NA,A02E,c,2,0.684,1,9.9,
NA,A02E,n,1,3,2.7,10.3,
NA,A02E,n,2,2.9,2.7,10.3,
NA,A02E,s,1,0.651,1.4,4.4,
NA,A02E,s,2,0.647,1.4,4.4,
NA,A04W,c,1,1.66,2.5,10.2,
NA,A04W,c,2,1.51,2.5,10.2,
NA,A04W,n,1,1.32,2.4,12.8,
NA,A04W,n,2,1.31,2.4,12.8,
NA,A04W,s,1,1.16,2.2,11.7,
NA,A04W,s,2,1.12,2.2,11.7,
NA,A04E,c,1,2.16,1.1,4.4,
NA,A04E,c,2,1.58,1.1,4.4,
NA,A04E,n,1,1.79,1.7,7.5,collar does not have flag
NA,A04E,n,2,1.5,1.7,7.5,
NA,A04E,s,1,1.77,1.8,6.6,
NA,A04E,s,2,1.31,1.8,6.6,end ~12:20p
5/15/2019 7:32,B02W,n,1,1.98,9.6,8,start time: 9:20am. Wet and sunny
5/15/2019 7:34,B02W,n,2,1.82,9.6,8,
NA,B02W,c,NA,NA,NA,NA,"collar dislodged, reinstalled"
5/15/2019 7:52,B02W,w,1,3.01,8.1,11,
5/15/2019 7:53,B02W,w,2,2.42,8.1,11,
5/15/2019 7:56,B02W,s,1,1.48,8.5,13,
5/15/2019 7:58,B02W,s,2,1.57,8.5,13,
NA,B02W,e,NA,NA,NA,NA,"collar dislodged, reinstalled"
NA,B02W,c,NA,NA,NA,NA,"collar dislodged, reinstalled"
5/15/2019 8:07,B02E,n,1,2.01,8.8,11,
5/15/2019 8:08,B02E,n,2,2.09,8.8,11,
5/15/2019 8:11,B02E,e,1,1.28,9.8,7,
5/15/2019 8:13,B02E,e,2,1.25,9.8,7,
5/15/2019 8:16,B02E,s,1,2.37,8,14,
5/15/2019 8:16,B02E,s,2,2.64,8,14,
5/15/2019 8:19,B02E,w,1,1.91,8.4,15,
5/15/2019 8:20,B02E,w,2,1.88,8.4,15,
5/15/2019 8:25,B03W,c,1,2.41,9.1,9,
5/15/2019 8:27,B03W,c,2,2.41,9.1,9,
NA,B03W,s,NA,NA,NA,NA,"collar dislodged, reinstalled"
5/15/2019 8:29,B03W,n,1,2.33,8.5,12,
5/15/2019 8:30,B03W,n,2,2.35,8.5,12,
5/15/2019 8:33,B03W,w,1,2.35,8.7,12,
5/15/2019 8:34,B03W,w,2,2.31,8.7,12,
5/15/2019 8:37,B03W,e,1,1.66,9.1,11,
5/15/2019 8:39,B03W,e,2,1.72,9.1,11,
5/15/2019 8:42,B03E,n,1,2.18,8.7,16,missed first reading (in licor)
5/15/2019 8:43,B03E,n,2,2.34,8.7,16,
NA,B03E,c,NA,NA,NA,NA,"collar dislodged, reinstalled"
5/15/2019 8:46,B03E,w,1,2.43,8.3,18,
5/15/2019 8:47,B03E,w,2,2.42,8.3,18,
5/15/2019 8:49,B03E,s,1,1.91,8.6,14,
5/15/2019 8:51,B03E,s,2,2,8.6,14,
5/15/2019 8:54,B03E,e,1,2.05,9.2,22,
5/15/2019 8:55,B03E,e,2,1.96,9.2,22,
5/15/2019 8:58,B04W,n,1,2.34,9.1,9,missed first reading
5/15/2019 8:59,B04W,n,2,2.43,9.1,9,
5/15/2019 9:02,B04W,w,1,1.79,8.4,16,
5/15/2019 9:04,B04W,w,2,1.93,8.4,16,
5/15/2019 9:06,B04W,s,1,1.59,10.2,19,missed first reading
5/15/2019 9:08,B04W,s,2,1.67,10.2,19,
5/15/2019 9:10,B04W,e,1,2.3,9.2,13,
5/15/2019 9:11,B04W,e,2,2.4,9.2,13,
NA,B04W,c,NA,NA,NA,NA,"collar dislodged, reinstalled"
5/15/2019 9:16,B04E,n,1,4.59,8,12,
5/15/2019 9:17,B04E,n,2,4.9,8,12,
NA,B04E,c,NA,NA,NA,NA,"collar dislodged, reinstalled"
NA,B04E,s,NA,NA,NA,NA,"collar dislodged, reinstalled"
5/15/2019 9:21,B04E,e,1,1.84,9.2,14,
5/15/2019 9:23,B04E,e,2,2,9.2,14,
5/15/2019 9:26,B04E,w,1,1.69,12.1,9,
5/15/2019 9:27,B04E,w,2,1.76,12.1,9,
5/15/2019 9:35,B01E,c,1,1.58,11.1,9,
5/15/2019 9:37,B01E,c,2,1.68,11.1,9,
NA,B01E,n,NA,NA,NA,NA,"collar dislodged, reinstalled"
5/15/2019 9:42,B01E,e,1,1.62,11.1,15,
5/15/2019 9:43,B01E,e,2,1.65,11.1,15,
5/15/2019 9:46,B01E,s,1,1.33,12,11,
5/15/2019 9:48,B01E,s,2,1.29,12,11,
5/15/2019 9:50,B01E,w,1,2.49,9.6,13,missed first reading
5/15/2019 9:51,B01E,w,2,2.28,9.6,13,
5/15/2019 9:56,B01W,c,1,2.33,10.3,11,
5/15/2019 9:57,B01W,c,2,2.45,10.3,11,
5/15/2019 10:00,B01W,n,1,3.44,8.1,12,
5/15/2019 10:01,B01W,n,2,3.17,8.1,12,
5/15/2019 10:04,B01W,w,1,1.95,9.5,14,
5/15/2019 10:05,B01W,w,2,2.08,9.5,14,
5/15/2019 10:08,B01W,s,1,1.73,10.1,12,
5/15/2019 10:10,B01W,s,2,1.79,10.1,12,
5/15/2019 10:12,B01W,e,1,2.97,10.6,15,
5/15/2019 10:13,B01W,e,2,3.12,10.6,15,
5/23/2019 7:38,B02W,c,1,2.21,9.8,17,9:30am start: sunny. Rain last 24hrs
5/23/2019 7:39,B02W,c,2,2.26,9.8,17,
5/23/2019 7:42,B02W,n,1,1.89,10.3,11,
5/23/2019 7:43,B02W,n,2,1.45,10.3,11,
5/23/2019 7:46,B02W,w,1,2.09,8.3,25,
5/23/2019 7:47,B02W,w,2,2.3,8.3,25,
5/23/2019 7:51,B02W,s,1,1.1,8.7,21,
5/23/2019 7:53,B02W,s,2,1.28,8.7,21,
5/23/2019 7:55,B02W,e,1,2,10.2,20,
5/23/2019 7:56,B02W,e,2,1.8,10.2,20,
5/23/2019 8:00,B02E,c,1,1.68,10.4,22,
5/23/2019 8:02,B02E,c,2,1.62,10.4,22,
5/23/2019 8:05,B02E,n,1,1.6,9.8,18,
5/23/2019 8:06,B02E,n,2,1.75,9.8,18,
5/23/2019 8:10,B02E,e,1,1.63,10.3,15,
5/23/2019 8:12,B02E,e,2,1.7,10.3,15,
5/23/2019 8:15,B02E,s,1,3.66,8.7,19,
5/23/2019 8:16,B02E,s,2,3.69,8.7,19,
5/23/2019 8:18,B02E,w,1,3.09,8.9,16,
5/23/2019 8:19,B02E,w,2,2.93,8.9,16,
5/23/2019 8:25,B01W,c,1,2.79,10.1,21,
5/23/2019 8:26,B01W,c,2,2.81,10.1,21,
5/23/2019 8:28,B01W,n,1,3.1,8.8,20,
5/23/2019 8:29,B01W,n,2,3.07,8.8,20,
5/23/2019 8:33,B01W,w,1,2.66,9.2,16,
5/23/2019 8:34,B01W,w,2,2.61,9.2,16,
5/23/2019 8:36,B01W,s,1,2.55,9.4,21,
5/23/2019 8:37,B01W,s,2,2.48,9.4,21,
5/23/2019 8:40,B01W,e,1,3.74,10.6,17,
5/23/2019 8:40,B01W,e,2,3.64,10.6,17,
5/23/2019 8:44,B01E,c,1,1.86,10.7,15,
5/23/2019 8:45,B01E,c,2,1.88,10.7,15,
5/23/2019 8:48,B01E,n,1,1.62,11.5,17,
5/23/2019 8:49,B01E,n,2,1.65,11.5,17,
5/23/2019 8:51,B01E,w,1,2.73,10.5,19,
5/23/2019 8:53,B01E,w,2,2.89,10.5,19,
5/23/2019 8:57,B01E,s,1,1.75,12.1,19,
5/23/2019 8:59,B01E,s,2,1.76,12.1,19,
5/23/2019 9:02,B01E,e,1,1.67,11.5,22,
5/23/2019 9:03,B01E,e,2,1.8,11.5,22,
5/23/2019 9:10,B03W,c,1,3.22,10.8,20,
5/23/2019 9:11,B03W,c,2,3.29,10.8,20,
5/23/2019 9:13,B03W,n,1,3.26,9.8,18,
5/23/2019 9:14,B03W,n,2,3.29,9.8,18,
5/23/2019 9:17,B03W,w,1,2.8,8.9,13,
5/23/2019 9:18,B03W,w,2,2.86,8.9,13,
5/23/2019 9:21,B03W,s,1,1.82,10.4,24,
5/23/2019 9:22,B03W,s,2,1.78,10.4,24,
5/23/2019 9:26,B03W,e,1,1.72,10.9,17,
5/23/2019 9:27,B03W,e,2,1.73,10.9,17,
5/23/2019 9:31,B03E,c,1,2.58,10.7,22,
5/23/2019 9:31,B03E,c,2,2.56,10.7,22,
5/23/2019 9:34,B03E,n,1,3.3,10.2,19,
5/23/2019 9:35,B03E,n,2,3.28,10.2,19,
5/23/2019 9:38,B03E,w,1,3.01,9.5,20,
5/23/2019 9:39,B03E,w,2,3.09,9.5,20,
5/23/2019 9:44,B03E,s,3,2.48,9.7,20,good
5/23/2019 9:45,B03E,s,4,2.46,9.7,20,good
5/23/2019 9:47,B03E,e,1,2.07,10.7,25,
5/23/2019 9:48,B03E,e,2,2.03,10.7,25,
5/23/2019 9:59,B04W,c,1,2.28,11.7,18,
5/23/2019 10:00,B04W,c,2,2.46,11.7,18,
5/23/2019 10:05,B04W,n,2,2.89,11.6,18,another reading (1) in licor. Tube came loose.
5/23/2019 10:06,B04W,n,3,3.12,11.6,18,
5/23/2019 10:08,B04W,w,1,1.85,9.9,22,
5/23/2019 10:10,B04W,w,2,1.97,9.9,22,
5/23/2019 10:13,B04W,s,1,1.81,11.4,19,
5/23/2019 10:14,B04W,s,2,1.82,11.4,19,
5/23/2019 10:16,B04W,e,1,3.34,10.7,18,
5/23/2019 10:17,B04W,e,2,3.35,10.7,18,
5/23/2019 10:20,B04E,c,1,3.69,10,15,
5/23/2019 10:21,B04E,c,2,3.66,10,15,
5/23/2019 10:24,B04E,n,1,4.53,9.8,24,
5/23/2019 10:25,B04E,n,2,4.6,9.8,24,
5/23/2019 10:27,B04E,e,1,1.8,10.4,19,
5/23/2019 10:29,B04E,e,2,1.75,10.4,19,
NA,B04E,s,NA,NA,NA,NA,collar dislodged: no measurement
5/23/2019 10:33,B04E,w,1,2.14,13.1,16,
5/23/2019 10:34,B04E,w,2,2.1,13.1,16,End time: 12:29pm
6/7/2019 7:51,B02W,c,1,2.26,11.4,11,start time: 9:45am sunny
6/7/2019 7:52,B02W,c,2,2.3,11.4,11,
6/7/2019 7:55,B02W,n,1,2.22,11.5,14,
6/7/2019 7:56,B02W,n,2,2.18,11.5,14,
6/7/2019 7:58,B02W,w,1,5.13,11.4,12,
6/7/2019 7:59,B02W,w,2,4.9,11.4,12,
6/7/2019 8:02,B02W,s,1,1.87,10.5,11,
6/7/2019 8:04,B02W,s,2,1.95,10.5,11,
6/7/2019 8:07,B02W,e,1,2.33,11.5,12,
6/7/2019 8:08,B02W,e,2,2.35,11.5,12,
6/7/2019 8:11,B02E,c,1,2.03,11.5,11,
6/7/2019 8:13,B02E,c,2,1.98,11.5,11,
6/7/2019 8:15,B02E,n,1,3.4,11.2,11,
6/7/2019 8:16,B02E,n,2,3.14,11.2,11,
6/7/2019 8:19,B02E,e,1,2.03,11.6,7,
6/7/2019 8:20,B02E,e,2,1.96,11.6,7,
6/7/2019 8:24,B02E,s,3,4.14,10.4,10,first two measurements bad
6/7/2019 8:25,B02E,s,4,4.21,10.4,10,
6/7/2019 8:27,B02E,w,1,3.41,10.9,11,
6/7/2019 8:28,B02E,w,2,3.18,10.9,11,
6/7/2019 8:33,B01W,c,1,2.5,11.1,13,
6/7/2019 8:34,B01W,c,2,2.52,11.1,13,
6/7/2019 8:36,B01W,n,1,3.06,10.1,12,
6/7/2019 8:37,B01W,n,2,3.03,10.1,12,
6/7/2019 8:40,B01W,w,1,2.6,10.5,10,
6/7/2019 8:41,B01W,w,2,2.48,10.5,10,
6/7/2019 8:44,B01W,s,1,1.94,12.3,16,
6/7/2019 8:45,B01W,s,2,1.91,12.3,16,
6/7/2019 8:48,B01W,e,1,2.45,11.8,14,
6/7/2019 8:49,B01W,e,2,2.49,11.8,14,
6/7/2019 8:52,B01E,c,1,1.82,12,10,
6/7/2019 8:53,B01E,c,2,1.88,12,10,
6/7/2019 8:56,B01E,n,1,1.49,12.7,11,
6/7/2019 8:58,B01E,n,2,1.48,12.7,11,
6/7/2019 9:00,B01E,w,1,2.9,11.5,11,
6/7/2019 9:01,B01E,w,2,2.83,11.5,11,
6/7/2019 9:04,B01E,s,1,2.17,13.3,8,
6/7/2019 9:05,B01E,s,2,2.17,13.3,8,
6/7/2019 9:09,B01E,e,1,1.75,12.9,15,
6/7/2019 9:12,B01E,e,2,1.7,12.9,15,
6/7/2019 9:18,B04E,c,1,2.56,11.2,11,
6/7/2019 9:19,B04E,c,2,2.66,11.2,11,
6/7/2019 9:21,B04E,n,1,5.04,10.8,11,
6/7/2019 9:22,B04E,n,2,5.13,10.8,11,
6/7/2019 9:25,B04E,e,1,2.41,11.3,12,
6/7/2019 9:26,B04E,e,2,2.36,11.3,12,
6/7/2019 9:29,B04E,s,1,2.41,12.2,11,
6/7/2019 9:30,B04E,s,2,2.51,12.2,11,
6/7/2019 9:33,B04E,w,1,1.77,12.5,5,
6/7/2019 9:34,B04E,w,2,1.72,12.5,5,
6/7/2019 9:37,B04W,c,1,2.33,12.4,10,
6/7/2019 9:38,B04W,c,2,2.36,12.4,10,
6/7/2019 9:40,B04W,n,1,2.53,11.3,6,
6/7/2019 9:41,B04W,n,2,2.64,11.3,6,
6/7/2019 9:43,B04W,e,1,2.79,11.9,8,
6/7/2019 9:44,B04W,e,2,2.87,11.9,8,
6/7/2019 9:47,B04W,s,1,1.72,12.4,15,
6/7/2019 9:48,B04W,s,2,1.75,12.4,15,
6/7/2019 9:51,B04W,w,1,1.72,11.5,13,
6/7/2019 9:52,B04W,w,2,1.85,11.5,13,
6/7/2019 9:55,B03E,c,1,2.46,11.6,12,
6/7/2019 9:56,B03E,c,2,2.61,11.6,12,
6/7/2019 10:00,B03E,n,3,2.58,11.7,8,first two measurements bad
6/7/2019 10:01,B03E,n,4,2.7,11.7,8,
6/7/2019 10:04,B03E,e,1,1.56,12.2,17,
6/7/2019 10:05,B03E,e,2,1.71,12.2,17,
6/7/2019 10:07,B03E,s,1,1.87,11.8,12,
6/7/2019 10:09,B03E,s,2,2.01,11.8,12,
6/7/2019 10:10,B03E,w,1,3.18,11.3,18,
6/7/2019 10:11,B03E,w,2,2.87,11.3,18,
6/7/2019 10:14,B03W,c,1,2.23,11.7,10,
6/7/2019 10:16,B03W,c,2,2.28,11.7,10,
6/7/2019 10:18,B03W,n,1,3.06,11.9,13,
6/7/2019 10:19,B03W,n,2,3.25,11.9,13,
6/7/2019 10:21,B03W,e,1,1.99,12.1,8,
6/7/2019 10:22,B03W,e,2,2.04,12.1,8,
6/7/2019 10:25,B03W,s,1,1.61,12.1,9,
6/7/2019 10:26,B03W,s,2,1.71,12.1,9,
6/7/2019 10:28,B03W,w,1,2.49,11.3,10,
6/7/2019 10:29,B03W,w,2,2.79,11.3,10,End time: 12:25pm
NA,B02W,c,3,4.16,19.2,14,"Start time: 12:47pm partly cloudy, rain in past 24hrs"
NA,B02W,c,4,4.66,19.2,14,
NA,B02W,n,1,4.78,19.44,5,
NA,B02W,n,2,4.58,19.44,5,
NA,B02W,w,3,6.18,18.32,17,
NA,B02W,w,4,6.67,18.32,17,
NA,B02W,s,1,3.39,17.77,19,
NA,B02W,s,2,3.37,17.77,19,
NA,B02W,e,1,2.04,19.03,17,
NA,B02W,e,2,2.09,19.03,17,
NA,B02E,c,1,5.52,19.21,15,
NA,B02E,c,2,5.25,19.21,15,
NA,B02E,n,1,6.6,18.5,13,
NA,B02E,n,2,6.29,18.5,13,
NA,B02E,w,3,5.79,18.65,11,
NA,B02E,w,4,6.24,18.65,11,
NA,B02E,s,1,7.28,18.27,11,
NA,B02E,s,2,7,18.27,11,
NA,B02E,e,1,3.57,20.34,10,
NA,B02E,e,2,3.73,20.34,10,
NA,B03W,c,1,5.2,18.44,18,
NA,B03W,c,2,5.22,18.44,18,
NA,B03W,n,1,6.71,18.98,15,
NA,B03W,n,2,5.84,18.98,15,
NA,B03W,w,3,6.66,18.01,11,
NA,B03W,w,4,6.2,18.01,11,
NA,B03W,s,3,3,19.43,11,
NA,B03W,s,4,3.1,19.43,11,
NA,B03W,e,1,3.05,19.08,15,
NA,B03W,e,2,3.24,19.08,15,
NA,B03E,c,3,5.34,18.8,17,
NA,B03E,c,4,5.11,18.8,17,
NA,B03E,n,1,4.75,19.59,13,
NA,B03E,n,2,5.08,19.59,13,
NA,B03E,w,1,9.17,18.29,12,
NA,B03E,w,2,8,18.29,12,
NA,B03E,s,1,8.02,18.75,15,
NA,B03E,s,2,7.57,18.75,15,
NA,B03E,e,1,4.65,20.03,19,
NA,B03E,e,2,4.9,20.03,19,
NA,B04W,c,1,5.05,19.92,13,
NA,B04W,c,2,5.2,19.92,13,
NA,B04W,n,1,6.15,18.84,11,
NA,B04W,n,2,5.78,18.84,11,
NA,B04W,w,3,4.6,18.12,18,
NA,B04W,w,4,4.29,18.12,18,
NA,B04W,s,3,5,19.4,19,
NA,B04W,s,4,4.91,19.4,19,
NA,B04W,e,5,8.22,19.47,17,
NA,B04W,e,6,7.64,19.47,17,
NA,B04E,c,3,6.1,18.38,15,
NA,B04E,c,4,6,18.38,15,
NA,B04E,n,3,8.01,17.69,19,
NA,B04E,n,4,7.55,17.69,19,
NA,B04E,e,3,4.02,18.12,11,
NA,B04E,e,4,4.43,18.12,11,
NA,B04E,s,1,6.58,18.84,9,
NA,B04E,s,2,7.25,18.81,9,
NA,B04E,w,1,4.7,19.97,10,
NA,B04E,w,2,4.45,19.97,10,
NA,B01E,c,5,5.85,20.68,12,
NA,B01E,c,6,5.13,20.68,12,
NA,B01E,n,3,4.96,21.14,15,
NA,B01E,n,4,5.39,21.14,15,
NA,B01E,e,1,4.26,20.2,16,
NA,B01E,e,2,4.28,20.2,16,
NA,B01E,s,1,2.68,21.05,7,
NA,B01E,s,2,2.87,21.05,7,
NA,B01E,w,3,6.91,19.65,15,
NA,B01E,w,4,7.15,19.65,15,
NA,B01W,c,5,10.8,20.5,20,
NA,B01W,c,6,8.83,20.5,20,
NA,B01W,n,3,8.21,17.79,13,
NA,B01W,n,4,9.35,17.79,13,
NA,B01W,e,1,8.87,20.5,13,
NA,B01W,e,2,7.96,20.5,13,
NA,B01W,s,1,6.05,19.64,11,
NA,B01W,s,2,6.29,19.64,11,
NA,B01W,w,1,5.74,18.57,14,
NA,B01W,w,2,5.44,18.57,14,end time: 4:43pm
NA,B04E,c,1,6.88,17.63,9,"start time: 9:29 am, sunny no rain past 24 hrs"
NA,B04E,c,2,6.15,19.63,9,
NA,B04E,n,3,7.96,17.21,13,
NA,B04E,n,4,8.78,17.21,13,
NA,B04E,e,1,4.83,17.4,11,
NA,B04E,e,2,5.11,17.4,11,
NA,B04E,s,1,5.33,17.84,7,
NA,B04E,s,2,5.33,17.84,7,
NA,B04E,w,1,3.89,18.34,9,
NA,B04E,w,2,3.64,18.34,9,
NA,B04W,c,1,5.75,18.31,12,
NA,B04W,c,2,5.43,18.31,12,
NA,B04W,n,3,6.65,17.67,7,
NA,B04W,n,4,6.56,17.67,7,
NA,B04W,w,1,4,17.47,13,
NA,B04W,w,2,4.01,17.47,13,
NA,B04W,s,1,4.14,17.97,12,
NA,B04W,s,2,4.06,17.97,12,
NA,B04W,e,1,7.95,18.04,11,
NA,B04W,e,2,7.28,18.04,11,
NA,B03E,c,1,5.06,17.67,16,
NA,B03E,c,2,4.97,17.67,16,
NA,B03E,n,5,4.25,18.06,13,
NA,B03E,n,6,4.23,18.06,13,
NA,B03E,e,3,3.49,18.19,17,
NA,B03E,e,4,3.59,18.19,17,
NA,B03E,s,1,5.3,17.31,13,
NA,B03E,s,2,4.99,17.31,13,
NA,B03E,w,1,7.59,17.57,13,
NA,B03E,w,2,7.33,17.57,13,
NA,B03W,c,1,4.36,17.79,6,
NA,B03W,c,2,4.54,17.79,6,
NA,B03W,n,3,6.06,17.86,11,
NA,B03W,n,4,5.43,17.86,11,
NA,B03W,e,1,3.44,17.99,11,
NA,B03W,e,2,3.27,17.99,11,
NA,B03W,s,1,2.9,18.1,12,
NA,B03W,s,2,3.02,18.1,12,
NA,B03W,w,5,4.84,17.36,7,
NA,B03W,w,6,5.62,17.36,7,
NA,B01E,c,1,5.42,18.43,9,
NA,B01E,c,2,5.37,18.43,9,
NA,B01E,n,3,3.3,19.14,11,
NA,B01E,n,4,3.24,19.14,11,
NA,B01E,e,3,3.82,18.99,11,
NA,B01E,e,4,3.71,18.99,11,
NA,B01E,s,1,3.5,19.21,5,
NA,B01E,s,2,3.53,19.21,5,
NA,B01E,w,3,8.69,18.11,10,
NA,B01E,w,4,8.98,18.11,10,
NA,B01W,c,3,7.69,18.52,9,
NA,B01W,c,4,8.22,18.52,9,
NA,B01W,n,3,8.93,17.21,12,
NA,B01W,n,4,9.16,17.21,12,
NA,B01W,w,3,5.29,17.7,8,
NA,B01W,w,4,5.28,17.7,8,
NA,B01W,s,1,4.87,18.59,10,
NA,B01W,s,2,4.95,18.59,10,
NA,B01W,e,3,5.92,18.8,12,
NA,B01W,e,4,6.29,18.8,12,
NA,B02E,c,1,3.8,18.66,11,
NA,B02E,c,2,3.67,18.66,11,
NA,B02E,n,3,5.17,18.39,10,
NA,B02E,n,4,4.8,18.39,10,
NA,B02E,e,1,3.93,19.45,6,
NA,B02E,e,2,4.01,19.45,6,
NA,B02E,s,1,5.03,17.6,7,
NA,B02E,s,2,5.23,17.6,7,
NA,B02E,w,1,6.48,18.53,9,
NA,B02E,w,2,6.43,18.53,9,
NA,B02W,c,3,4.6,18.54,13,
NA,B02W,c,4,4.94,18.54,13,
NA,B02W,n,5,5.62,19.17,7,
NA,B02W,n,6,5.39,19.17,7,
NA,B02W,w,1,4.91,17.65,10,
NA,B02W,w,2,5.29,17.65,10,
NA,B02W,s,1,3.26,18.12,11,
NA,B02W,s,2,3.18,18.12,11,
NA,B02W,e,1,3.74,18.94,11,
NA,B02W,e,2,3.44,18.94,11,end time: 12:28pm
NA,B02W,c,1,4.72,17.59,11,
NA,B02W,c,2,4.81,17.59,11,
NA,B02W,n,3,5.63,17.7,11,
NA,B02W,n,4,5.54,17.7,11,
NA,B02W,w,1,8.55,17.31,13,
NA,B02W,w,2,8.69,17.31,13,
NA,B02W,s,5,3.37,17.22,16,
NA,B02W,s,6,3.17,17.22,16,
NA,B02W,e,5,3.79,17.53,12,
NA,B02W,e,6,3.46,17.53,12,
NA,B02E,c,3,3.82,17.41,10,
NA,B02E,c,4,3.64,17.41,10,
NA,B02E,n,5,4.65,17.89,9,
NA,B02E,n,6,3.75,17.89,9,
NA,B02E,e,1,3.72,17.55,8,
NA,B02E,e,2,3.99,17.5,8,
NA,B02E,s,5,8.2,16.96,11,
NA,B02E,s,6,7.53,16.96,11,
NA,B02E,w,3,5.38,17.57,9,
NA,B02E,w,4,5.88,17.57,9,
NA,B01W,c,3,6.89,17.51,8,
NA,B01W,c,4,6.63,17.51,8,
NA,B01W,n,1,12,16.79,7,
NA,B01W,n,2,11.3,16.79,7,
NA,B01W,w,3,5.05,16.98,6,
NA,B01W,w,4,4.98,16.98,6,
NA,B01W,s,5,5.75,17.64,7,
NA,B01W,s,6,5.59,17.64,7,
NA,B01W,e,5,5.44,17.6,12,
NA,B01W,e,6,6.57,17.6,12,
NA,B01E,c,3,5.89,17.78,9,
NA,B01E,c,4,6.05,17.78,9,
NA,B01E,n,1,4.21,18.29,11,
NA,B01E,n,2,4.47,18.29,11,
NA,B01E,w,5,14.3,17.54,7,
NA,B01E,w,6,15.4,17.54,7,
NA,B01E,s,1,3.96,18.58,5,
NA,B01E,s,2,3.83,15.58,5,
NA,B01E,e,1,3.86,18.54,13,
NA,B01E,e,2,3.98,18.54,13,
NA,B03W,c,1,4.47,17.82,9,
NA,B03W,c,2,4.51,17.82,9,
NA,B03W,n,3,5.19,17.55,12,
NA,B03W,n,4,5.36,17.55,12,
NA,B03W,w,1,4.97,17.22,6,
NA,B03W,w,2,4.99,17.22,6,
NA,B03W,s,3,2.84,17.83,14,
NA,B03W,s,4,2.85,17.83,14,
NA,B03W,e,1,3.58,17.94,13,
NA,B03W,e,2,3.42,17.94,13,
NA,B03E,c,1,4.69,18.08,10,
NA,B03E,c,2,4.25,18.08,10,
NA,B03E,n,1,5.22,17.87,14,
NA,B03E,n,2,4.93,17.87,14,
NA,B03E,e,1,3.39,17.97,18,
NA,B03E,e,2,3.14,17.97,18,
NA,B03E,s,1,4.45,17.49,16,
NA,B03E,s,2,4.53,17.49,16,
NA,B03E,w,1,8.01,17.79,14,
NA,B03E,w,2,8.26,17.79,14,
NA,B04E,c,1,5.26,17.6,10,
NA,B04E,c,2,5.73,17.6,10,
NA,B04E,n,1,13.2,17.77,7,
NA,B04E,n,2,12.9,17.77,7,
NA,B04E,e,1,5.26,17.45,8,
NA,B04E,e,2,4.86,17.45,8,
NA,B04E,s,1,4.82,18.27,6,
NA,B04E,s,2,4.46,18.27,6,
NA,B04E,w,1,3.67,19.04,8,
NA,B04E,w,2,3.86,19.04,8,
NA,B04W,c,1,4.88,18.82,11,
NA,B04W,c,2,4.99,18.82,11,
NA,B04W,n,1,5.63,18.03,5,
NA,B04W,n,2,5.59,18.03,5,
NA,B04W,e,3,9.35,18.16,12,
NA,B04W,e,4,9.18,18.16,12,
NA,B04W,s,5,3.63,18.51,14,
NA,B04W,s,6,3.63,18.51,14,
NA,B04W,w,3,3.28,18.16,13,
NA,B04W,w,4,3.38,18.16,13,
NA,B04E,c,1,1.35,2.5,9.9,
NA,B04E,c,2,1.32,2.5,9.9,
NA,B04E,n,1,2.4,3.3,12.9,
NA,B04E,n,2,2.17,3.3,12.9,
NA,B04E,s,1,0.953,1.1,10.3,
NA,B04E,s,2,0.859,1.1,10.3,
NA,B04W,c,1,1,1.5,10.4,
NA,B04W,c,2,0.915,1.5,10.4,
NA,B04W,n,1,1.41,1.9,6.3,
NA,B04W,n,2,1.35,1.9,6.3,
NA,B04W,s,1,0.794,1.1,12.2,
NA,B04W,s,2,0.766,1.1,12.2,
NA,B03E,c,1,1.49,2,11.3,
NA,B03E,c,2,1.38,2,11.3,
NA,B03E,n,1,1.1,2.2,12.9,
NA,B03E,n,2,0.923,2.2,12.9,
NA,B03E,s,1,1.09,2,11.9,
NA,B03E,s,2,0.899,2,11.9,
NA,B03W,c,1,1,2.1,7.1,
NA,B03W,c,2,0.884,2.1,7.1,
NA,B03W,n,1,1.18,2,13.7,
NA,B03W,n,2,1.13,2,13.7,
NA,B03W,s,1,0.66,1.3,10.9,
NA,B03W,s,2,0.581,1.3,10.9,
NA,B01E,c,1,0.671,1.2,11.4,
NA,B01E,c,2,0.659,1.2,11.4,
NA,B01E,n,1,1.16,0.9,7.7,
NA,B01E,n,2,0.968,0.9,7.7,
NA,B01E,s,1,0.51,1.3,7.3,
NA,B01E,s,2,0.452,1.3,7.3,
NA,B01W,c,1,0.959,1.6,8.6,
NA,B01W,c,2,0.969,1.6,8.6,
NA,B01W,n,1,2.03,3.2,7.8,
NA,B01W,n,2,1.94,3.2,7.8,
NA,B01W,s,1,1.13,1.6,7.6,
NA,B01W,s,2,1.25,1.6,7.6,
NA,B02E,c,1,1.02,0.9,11.8,
NA,B02E,c,2,0.907,0.9,11.8,
NA,B02E,n,1,1.47,1.7,8.4,
NA,B02E,n,2,1.21,1.7,8.4,
NA,B02E,s,1,1.57,2.8,13.3,
NA,B02E,s,2,1.43,2.8,13.3,
NA,B02W,c,1,0.844,1.5,13.6,
NA,B02W,c,2,0.805,1.5,13.6,
NA,B02W,n,1,1.07,0.9,8.2,
NA,B02W,n,2,0.924,0.9,8.2,
NA,B02W,s,1,0.991,2.2,12.3,
NA,B02W,s,2,0.851,2.2,12.3,
NA,B01W,c,3,5.2,15.24,13,
NA,B01W,c,4,5.91,15.24,13,
NA,B01W,n,7,6.97,15.03,10,
NA,B01W,n,8,6.46,15.03,10,
NA,B01W,w,1,5.46,15.07,10,
NA,B01W,w,2,4.77,15.07,10,
NA,B01W,s,1,4.02,15.58,13,
NA,B01W,s,2,3.66,15.58,13,
NA,B01W,e,1,4.68,15.46,13,
NA,B01W,e,2,4.96,15.46,13,
NA,B01E,c,3,3.94,15.96,9,
NA,B01E,c,4,3.23,15.96,9,
NA,B01E,n,1,3.12,15.9,11,
NA,B01E,n,2,2.9,15.9,11,
NA,B01E,e,1,3.28,16.1,13,
NA,B01E,e,2,2.88,16.1,13,
NA,B01E,s,1,3.52,16.08,8,
NA,B01E,s,2,3.24,16.08,8,
NA,B01E,w,3,6.54,15.62,14,
NA,B01E,w,4,5.62,15.62,14,
NA,B02W,c,1,3.69,15.89,14,
NA,B02W,c,2,3.38,15.89,14,
NA,B02W,n,1,4.27,15.93,10,
NA,B02W,n,2,3.8,15.93,10,
NA,B02W,w,1,9.04,15.56,15,
NA,B02W,w,2,8.83,15.56,15,
NA,B02W,s,1,3.31,15.48,10,
NA,B02W,s,2,3.21,15.48,10,
NA,B02W,e,1,3.47,15.94,12,
NA,B02W,e,2,3.12,15.94,12,
NA,B02E,c,1,3.18,15.86,14,
NA,B02E,c,2,3.36,15.86,14,
NA,B02E,n,1,5.05,15.97,11,
NA,B02E,n,2,5.19,15.97,11,
NA,B02E,w,3,5.7,15.71,11,
NA,B02E,w,4,5.82,15.71,11,
NA,B02E,s,1,6.07,15.28,8,
NA,B02E,s,2,5.91,15.28,8,
NA,B02E,e,1,3,16.2,11,
NA,B02E,e,2,3.17,16.2,11,
NA,B03W,c,1,4.29,15.74,7,
NA,B03W,c,2,4.18,15.74,7,
NA,B03W,n,1,4.94,15.99,13,
NA,B03W,n,2,5.03,15.99,13,
NA,B03W,w,1,6.26,15.55,8,
NA,B03W,w,2,5.92,15.55,8,
NA,B03W,s,1,2.3,15.83,9,
NA,B03W,s,2,2.58,15.83,9,
NA,B03W,e,1,3.34,15.82,10,
NA,B03W,e,2,3.18,15.82,10,
NA,B03E,c,1,4.18,15.86,14,
NA,B03E,c,2,4.36,15.86,14,
NA,B03E,n,1,4.14,15.88,8,
NA,B03E,n,2,3.95,15.88,8,
NA,B03E,e,1,3.02,16.43,16,
NA,B03E,e,2,3.19,16.43,16,
NA,B03E,s,1,3.64,15.75,11,
NA,B03E,s,2,3.34,15.75,11,
NA,B03E,w,3,7.26,15.71,11,
NA,B03E,w,4,6.82,15.71,11,
NA,B04W,c,1,4.6,16.57,11,
NA,B04W,c,2,4.7,16.57,11,
NA,B04W,n,1,4.73,16.36,7,
NA,B04W,n,2,4.67,16.36,7,
NA,B04W,w,1,3.33,15.98,11,
NA,B04W,w,2,3.11,15.98,11,
NA,B04W,s,1,2.94,16.55,13,
NA,B04W,s,2,3.1,16.55,13,
NA,B04W,e,1,6.78,16.39,12,
NA,B04W,e,2,6.38,16.39,12,
NA,B04E,c,1,6.42,16.06,8,
NA,B04E,c,2,6.57,16.06,8,
NA,B04E,n,3,8.81,16.12,11,
NA,B04E,n,4,8.94,16.12,11,
NA,B04E,e,1,4.48,15.9,9,
NA,B04E,e,2,4.36,15.9,9,
NA,B04E,s,1,4.48,16.71,8,
NA,B04E,s,2,4.72,16.71,9,
NA,B04E,w,3,2.89,17.38,9,
NA,B04E,w,4,2.9,17.38,9,
5/14/2019 12:08,C01W,c,1,1.84,12.9,9,
5/14/2019 12:10,C01W,c,2,1.89,12.9,9,
5/14/2019 12:12,C01W,n,1,1.84,10.3,10,
5/14/2019 12:13,C01W,n,2,1.97,10.3,10,
5/14/2019 12:15,C01W,w,1,1.83,13.7,9,
5/14/2019 12:16,C01W,w,2,1.87,13.7,9,
5/14/2019 12:19,C01W,s,1,2.05,9.7,10,
5/14/2019 12:20,C01W,s,2,2.28,9.7,10,
5/14/2019 12:22,C01W,e,1,1.71,12.1,10,
5/14/2019 12:24,C01W,e,2,1.66,12.1,10,
5/14/2019 12:27,C01E,c,1,2.52,12.2,9,
5/14/2019 12:28,C01E,c,2,2.38,12.2,9,
5/14/2019 12:30,C01E,n,1,2.64,10.5,12,
5/14/2019 12:31,C01E,n,2,3.06,10.5,12,
5/14/2019 12:34,C01E,w,1,3.82,9.7,7,
5/14/2019 12:36,C01E,w,2,3.35,9.7,7,
5/14/2019 12:38,C01E,s,1,4.53,9.2,11,
5/14/2019 12:39,C01E,s,2,4.84,9.2,11,
5/14/2019 12:41,C01E,e,1,2.1,11.8,11,
5/14/2019 12:42,C01E,e,2,2.09,11.8,11,
5/14/2019 12:49,C03W,c,1,1.88,10.9,10,
5/14/2019 12:51,C03W,c,2,1.56,10.9,10,
5/14/2019 12:53,C03W,n,1,2.89,8,14,
5/14/2019 12:54,C03W,n,2,3.03,8,14,
5/14/2019 12:57,C03W,e,1,2.17,7.7,9,
5/14/2019 12:58,C03W,e,2,2.27,7.7,9,
5/14/2019 13:00,C03W,s,1,3.63,7.9,12,
5/14/2019 13:01,C03W,s,2,3.83,7.9,12,
5/14/2019 13:04,C03W,w,1,2.46,9.6,7,
5/14/2019 13:05,C03W,w,2,2.2,9.6,7,
5/14/2019 13:09,C02W,c,1,2.87,9.3,11,
5/14/2019 13:09,C02W,c,2,2.96,9.3,11,
5/14/2019 13:12,C02W,n,1,2.47,9.6,12,
5/14/2019 13:13,C02W,n,2,2.81,9.6,12,
5/14/2019 13:16,C02W,e,1,1.64,11.1,11,
5/14/2019 13:18,C02W,e,2,1.61,11.1,11,
5/14/2019 13:20,C02W,s,1,2.23,9.5,15,
5/14/2019 13:21,C02W,s,2,2.26,9.5,15,
5/14/2019 13:24,C02W,w,1,1.43,10.9,10,
5/14/2019 13:26,C02W,w,2,1.5,10.9,10,
5/14/2019 13:29,C02E,c,1,2.41,11,12,
5/14/2019 13:30,C02E,c,2,2.32,11,12,
5/14/2019 13:33,C02E,n,1,2.11,9.8,10,
5/14/2019 13:34,C02E,n,2,2.11,9.8,10,
5/14/2019 13:37,C02E,e,1,2.04,9.8,9,
5/14/2019 13:38,C02E,e,2,2.17,9.8,9,
5/14/2019 13:40,C02E,s,1,1.86,12.3,11,
5/14/2019 13:41,C02E,s,2,1.88,12.3,11,
5/14/2019 13:49,C02E,w,3,2.55,10.5,11,Good reading
5/14/2019 13:50,C02E,w,4,2.6,10.5,11,Good reading
5/14/2019 13:55,C03E,c,1,2.58,13.4,8,
5/14/2019 13:56,C03E,c,2,2.63,13.4,8,
5/14/2019 13:58,C03E,n,1,3,10.5,11,
5/14/2019 13:59,C03E,n,2,3.07,10.5,11,
5/14/2019 14:01,C03E,e,1,2.19,10.8,9,
5/14/2019 14:02,C03E,e,2,2.39,10.8,9,
5/14/2019 14:04,C03E,s,1,3.33,9.5,12,
5/14/2019 14:05,C03E,s,2,3.3,9.5,12,
5/14/2019 14:09,C03E,w,1,1.84,9.9,8,
5/14/2019 14:10,C03E,w,2,1.97,9.9,8,
5/14/2019 14:15,C04W,c,1,3.49,11,10,
5/14/2019 14:16,C04W,c,2,3.36,11,10,
5/14/2019 14:19,C04W,n,1,2.88,11.6,10,
5/14/2019 14:20,C04W,n,2,2.92,11.6,10,
5/14/2019 14:21,C04W,e,1,4.47,9.9,13,
5/14/2019 14:22,C04W,e,2,4.95,9.9,13,
5/14/2019 14:24,C04W,s,1,3.47,10.5,10,
5/14/2019 14:25,C04W,s,2,3.55,10.5,10,
5/14/2019 14:28,C04W,w,1,2.05,13.7,9,
5/14/2019 14:29,C04W,w,2,2.16,13.7,9,
5/14/2019 14:32,C04E,c,1,2.2,12.6,11,
5/14/2019 14:33,C04E,c,2,2.49,12.6,11,
5/14/2019 14:35,C04E,n,1,3.26,10.6,9,
5/14/2019 14:36,C04E,n,2,3.43,10.6,9,
5/14/2019 14:38,C04E,e,1,2.45,13.4,9,
5/14/2019 14:39,C04E,e,2,2.57,13.4,9,
5/14/2019 14:41,C04E,s,1,3.23,12.2,9,
5/14/2019 14:42,C04E,s,2,3.28,12.2,9,
5/14/2019 14:44,C04E,w,1,3.12,11.7,8,
5/14/2019 14:45,C04E,w,2,3.41,11.7,8,end time: 4:40pm
5/22/2019 8:18,C01W,c,1,1.84,10.1,13,
5/22/2019 8:19,C01W,c,2,1.89,10.1,13,
5/22/2019 8:22,C01W,n,1,1.83,8.8,9,
5/22/2019 8:24,C01W,n,2,1.88,8.8,9,
5/22/2019 8:28,C01W,w,1,1.27,9.8,11,
5/22/2019 8:30,C01W,w,2,1.22,9.8,11,
5/22/2019 8:34,C01W,s,1,1.76,8.9,11,
5/22/2019 8:35,C01W,s,2,1.87,8.9,11,
5/22/2019 8:38,C01W,e,1,1.65,9.4,12,
5/22/2019 8:39,C01W,e,2,1.75,9.4,12,
5/22/2019 8:42,C01E,c,1,2,9.6,12,
5/22/2019 8:44,C01E,c,2,1.97,9.6,12,
5/22/2019 8:46,C01E,n,1,2.83,9.4,12,
5/22/2019 8:47,C01E,n,2,2.87,9.4,12,
5/22/2019 8:49,C01E,w,1,2.48,8.9,11,
5/22/2019 8:50,C01E,w,2,2.66,8.9,11,
5/22/2019 8:54,C01E,s,1,4.11,8.9,14,
5/22/2019 8:56,C01E,s,2,4.24,8.9,14,
5/22/2019 8:59,C01E,e,1,2.17,9.1,14,
5/22/2019 9:00,C01E,e,2,2.07,9.1,14,
5/22/2019 9:06,C02E,c,1,2.08,9.1,17,
5/22/2019 9:07,C02E,c,2,2.08,9.1,17,
5/22/2019 9:10,C02E,n,1,1.47,8.9,12,
5/22/2019 9:12,C02E,n,2,1.61,8.9,12,
5/22/2019 9:15,C02E,e,1,2.2,8.5,10,
5/22/2019 9:16,C02E,e,2,2.26,8.5,10,
5/22/2019 9:21,C02E,s,3,1.94,9.1,15,second run
5/22/2019 9:22,C02E,s,4,1.89,9.1,15,
5/22/2019 9:25,C02E,w,1,2.43,9,15,
5/22/2019 9:26,C02E,w,2,2.42,9,15,
5/22/2019 9:30,C02W,c,1,2.76,8.5,13,
5/22/2019 9:31,C02W,c,2,2.79,8.5,13,
5/22/2019 9:34,C02W,n,1,2.58,8.6,14,
5/22/2019 9:35,C02W,n,2,2.03,8.6,14,
5/22/2019 9:39,C02W,w,1,1.9,9.1,11,
5/22/2019 9:40,C02W,w,2,2.06,9.1,11,
5/22/2019 9:43,C02W,s,1,2.05,8.9,18,
5/22/2019 9:44,C02W,s,2,2.07,8.9,18,
5/22/2019 9:49,C02W,e,1,1.9,9.2,16,
5/22/2019 9:50,C02W,e,2,1.89,9.2,16,
5/22/2019 9:55,C03W,c,1,2.09,8.7,15,
5/22/2019 9:57,C03W,c,2,2.01,8.7,15,
5/22/2019 9:59,C03W,n,1,3.03,8.1,15,
5/22/2019 10:00,C03W,n,2,3.03,8.1,15,
5/22/2019 10:03,C03W,w,1,1.67,8.6,12,
5/22/2019 10:05,C03W,w,2,1.67,8.6,12,
5/22/2019 10:07,C03W,s,1,3.9,8.2,17,
5/22/2019 10:08,C03W,s,2,3.93,8.2,17,
5/22/2019 10:10,C03W,e,1,2.12,8.1,12,
5/22/2019 10:12,C03W,e,2,2.45,8.1,12,
5/22/2019 10:17,C03E,c,1,2.02,9.3,12,
5/22/2019 10:18,C03E,c,2,2.03,9.3,12,
5/22/2019 10:21,C03E,n,1,2.11,8.7,14,
5/22/2019 10:22,C03E,n,2,2.32,8.7,14,
5/22/2019 10:25,C03E,w,1,3.67,8.6,13,
5/22/2019 10:26,C03E,w,2,3.71,8.6,13,
5/22/2019 10:29,C03E,s,1,3.52,9.1,10,
5/22/2019 10:29,C03E,s,2,3.59,9.1,10,
5/22/2019 10:35,C03E,e,1,2.58,8.9,12,
5/22/2019 10:36,C03E,e,2,2.56,8.9,12,
5/22/2019 10:42,C04W,c,1,2.94,9.3,15,
5/22/2019 10:44,C04W,c,2,2.95,9.3,15,
5/22/2019 10:46,C04W,n,1,2.76,9.5,12,
5/22/2019 10:47,C04W,n,2,2.69,9.5,12,
5/22/2019 10:50,C04W,w,1,1.42,10.1,9,
5/22/2019 10:52,C04W,w,2,1.47,10.1,9,
5/22/2019 10:56,C04W,s,1,2.89,9.3,16,
5/22/2019 10:57,C04W,s,2,2.72,9.3,16,
5/22/2019 10:59,C04W,e,1,2.88,8.8,15,
5/22/2019 11:00,C04W,e,2,3.02,8.8,15,
5/22/2019 11:03,C04E,c,1,2.51,9.4,12,
5/22/2019 11:05,C04E,c,2,2.58,9.4,12,
5/22/2019 11:08,C04E,n,1,2.52,9.4,13,
5/22/2019 11:09,C04E,n,2,2.51,9.4,13,
5/22/2019 11:12,C04E,e,1,2.07,9.7,12,
5/22/2019 11:13,C04E,e,2,1.93,9.7,12,
5/22/2019 11:16,C04E,s,1,2.63,9.3,13,
5/22/2019 11:17,C04E,s,2,2.57,9.3,13,
5/22/2019 11:19,C04E,w,1,3.03,9.3,11,
5/22/2019 11:20,C04E,w,2,2.85,9.3,11,End time: 1:15pm
6/6/2019 11:42,C04E,c,1,2.41,12.2,8,
6/6/2019 11:43,C04E,c,2,2.57,12.2,8,
6/6/2019 11:44,C04E,n,1,3.36,13.4,7,
6/6/2019 11:45,C04E,n,2,3.32,13.4,7,
6/6/2019 11:47,C04E,e,1,2.62,13.2,11,
6/6/2019 11:48,C04E,e,2,2.7,13.2,11,
6/6/2019 11:50,C04E,s,1,3.2,11.8,8,
6/6/2019 11:51,C04E,s,2,3.48,11.8,8,
6/6/2019 11:53,C04E,w,1,2.97,12.7,8,
6/6/2019 11:55,C04E,w,2,2.81,12.7,8,
6/6/2019 11:57,C04W,c,1,3.34,12,11,
6/6/2019 11:58,C04W,c,2,3.5,12,11,
6/6/2019 11:59,C04W,n,1,3.14,12.2,8,
6/6/2019 12:00,C04W,n,2,3.33,12.2,8,
6/6/2019 12:02,C04W,e,1,3.81,11.6,10,
6/6/2019 12:03,C04W,e,2,3.95,11.6,10,
6/6/2019 12:05,C04W,s,1,5.54,12.4,9,
6/6/2019 12:06,C04W,s,2,5.6,12.4,9,
6/6/2019 12:09,C04W,w,1,2.01,13,6,
6/6/2019 12:11,C04W,w,2,2.11,13,6,
6/6/2019 12:16,C03E,c,1,2.48,12.4,8,
6/6/2019 12:17,C03E,c,2,2.48,12.4,8,
6/6/2019 12:19,C03E,n,1,3.26,11.6,6,
6/6/2019 12:20,C03E,n,2,3.34,11.6,6,
6/6/2019 12:22,C03E,e,1,2.77,12,6,
6/6/2019 12:24,C03E,e,2,2.77,12,6,
6/6/2019 12:26,C03E,s,1,4.5,12.9,9,
6/6/2019 12:26,C03E,s,2,4.82,12.9,9,
6/6/2019 12:29,C03E,w,1,2.59,12.2,9,
6/6/2019 12:30,C03E,w,2,2.69,12.2,9,
6/6/2019 12:34,C03W,c,1,1.79,12.1,9,
6/6/2019 12:36,C03W,c,2,1.8,12.1,9,
6/6/2019 12:37,C03W,n,1,3.56,11.6,11,
6/6/2019 12:39,C03W,n,2,3.62,11.6,11,
6/6/2019 12:41,C03W,e,1,2.5,11.1,8,
6/6/2019 12:42,C03W,e,2,2.79,11.1,8,
6/6/2019 12:43,C03W,s,1,3.6,11.9,9,
6/6/2019 12:44,C03W,s,2,4.1,11.9,9,
6/6/2019 12:47,C03W,w,1,1.72,11.5,7,
6/6/2019 12:49,C03W,w,2,1.83,11.5,7,
6/6/2019 12:52,C02E,c,1,3.11,12.2,10,
6/6/2019 12:53,C02E,c,2,3.07,12.2,10,
6/6/2019 12:55,C02E,n,1,2.48,12,8,
6/6/2019 12:56,C02E,n,2,2.52,12,8,
6/6/2019 12:58,C02E,e,1,3.48,13.3,6,
6/6/2019 12:59,C02E,e,2,3.41,13.3,6,
6/6/2019 13:01,C02E,s,1,1.89,12.7,10,
6/6/2019 13:03,C02E,s,2,1.96,12.7,10,
6/6/2019 13:05,C02E,w,1,2.82,12,8,
6/6/2019 13:06,C02E,w,2,2.93,12,8,
6/6/2019 13:09,C02W,c,1,3.29,12.1,9,
6/6/2019 13:10,C02W,c,2,3.19,12.1,9,
6/6/2019 13:12,C02W,n,1,1.84,11.5,8,
6/6/2019 13:14,C02W,n,2,1.98,11.5,8,
6/6/2019 13:17,C02W,e,1,1.53,12.6,12,
6/6/2019 13:18,C02W,e,2,1.52,12.6,12,
6/6/2019 13:20,C02W,s,1,2.51,12.5,14,
6/6/2019 13:21,C02W,s,2,2.5,12.5,14,
6/6/2019 13:24,C02W,w,1,1.88,12.2,6,
6/6/2019 13:25,C02W,w,2,1.84,12.2,6,
6/6/2019 13:29,C01E,c,1,2.34,14,9,e incorrectly labeled as 3 in licor
6/6/2019 13:30,C01E,c,2,2.67,14,9,
6/6/2019 13:31,C01E,n,1,3.75,14,8,
6/6/2019 13:32,C01E,n,2,3.82,14,8,
6/6/2019 13:35,C01E,e,1,2.57,13.2,9,
6/6/2019 13:36,C01E,e,2,2.65,13.2,9,
6/6/2019 13:39,C01E,s,3,7.03,12.3,8,first two readings bad
6/6/2019 13:40,C01E,s,4,6.94,12.3,8,
6/6/2019 13:42,C01E,w,1,3.86,12.9,5,
6/6/2019 13:43,C01E,w,2,4.13,12.9,5,
6/6/2019 13:46,C01W,c,1,1.99,14.6,7,
6/6/2019 13:48,C01W,c,2,2.07,14.6,7,
6/6/2019 13:50,C01W,n,1,2.35,13,8,
6/6/2019 13:51,C01W,n,2,2.42,13,8,
6/6/2019 13:53,C01W,e,1,2.01,15.7,9,
6/6/2019 13:55,C01W,e,2,2.15,15.7,9,
6/6/2019 13:57,C01W,s,1,2.3,12.2,5,
6/6/2019 13:58,C01W,s,2,2.39,12.2,5,
6/6/2019 14:01,C01W,w,1,1.45,15.3,10,
6/6/2019 14:02,C01W,w,2,1.57,15.3,10,End time: 3.57pm
NA,C04E,c,1,4.26,16.88,6,Start time: 8:39 sunny no rain for 24 hrs
NA,C04E,c,2,4.73,16.88,6,
NA,C04E,n,1,4.87,16.79,6,
NA,C04E,n,2,4.91,16.79,6,
NA,C04E,e,1,3.47,16.68,8,
NA,C04E,e,2,3.67,16.68,8,
NA,C04E,s,1,5.83,16.39,6,
NA,C04E,s,2,6.24,16.39,6,
NA,C04E,w,3,3.98,16.72,7,
NA,C04E,w,4,4.4,16.72,7,
NA,C04W,c,3,7.39,17.6,8,
NA,C04W,c,4,7.74,17.1,8,
NA,C04W,n,3,7.65,16.9,6,
NA,C04W,n,4,7.17,16.9,6,
NA,C04W,w,1,4.63,17.11,5,
NA,C04W,w,2,4.4,17.11,5,
NA,C04W,s,3,6.94,16.52,6,
NA,C04W,s,4,7.34,16.52,6,
NA,C04W,e,3,7.52,16.76,7,
NA,C04W,e,4,7.9,16.76,7,
NA,C03E,c,1,3.69,16.71,4,
NA,C03E,c,2,3.4,16.71,4,
NA,C03E,n,7,5.03,16.55,7,
NA,C03E,n,8,5.22,16.55,7,
NA,C03E,e,1,4.21,17.29,5,
NA,C03E,e,2,4.06,17.29,5,
NA,C03E,s,1,4.91,16.87,6,
NA,C03E,s,2,5.05,16.87,6,
NA,C03E,w,3,6.74,16.88,5,
NA,C03E,w,4,6.36,16.88,5,
NA,C03W,c,1,2.82,16.99,9,
NA,C03W,c,2,2.96,16.99,9,
NA,C03W,n,5,6.32,16.4,12,
NA,C03W,n,6,5.44,16.4,12,
NA,C03W,s,1,7.35,16.46,10,
NA,C03W,s,2,7.49,16.46,10,
NA,C03W,e,1,6.17,16.59,8,
NA,C03W,e,2,5.78,16.59,8,
NA,C02E,c,3,4.24,17.04,8,
NA,C02E,c,4,4.69,17.04,8,
NA,C02E,n,1,4.09,16.71,6,
NA,C02E,n,2,4.25,16.71,6,
NA,C02E,e,1,5.68,17.75,5,
NA,C02E,e,5,6.46,17.75,5,
NA,C02E,e,6,6.15,17.75,5,
NA,C02E,s,1,2.89,17.77,7,
NA,C02E,s,2,2.89,17.77,7,
NA,C02E,w,1,4.82,16.91,6,
NA,C02E,w,2,5.05,16.91,6,
NA,C02W,c,5,4.98,16.66,6,
NA,C02W,c,6,5.39,16.66,6,
NA,C02W,n,1,3.77,16.64,7,
NA,C02W,n,2,4.08,16.64,7,
NA,C02W,e,1,2.68,16.8,9,
NA,C02W,e,2,2.72,16.8,9,
NA,C02W,s,1,4.84,17.58,11,
NA,C02W,s,2,5.23,17.58,11,
NA,C02W,w,3,3.26,17.41,4,
NA,C02W,w,4,3.43,17.41,4,
NA,C01E,c,5,6.5,18.59,6,
NA,C01E,c,6,4.38,18.59,6,
NA,C01E,n,3,7.01,18.07,11,
NA,C01E,n,4,7.22,18.07,11,
NA,C01E,e,1,5.32,18.1,7,
NA,C01E,e,2,5.34,18.1,7,
NA,C01E,s,3,15.8,17.81,7,
NA,C01E,s,4,15.4,17.81,7,
NA,C01E,w,1,6.82,18.22,4,
NA,C01E,w,2,7.04,18.22,4,
NA,C01W,c,3,4.92,19.11,8,
NA,C01W,c,4,4.36,19.11,8,
NA,C01W,n,3,5.44,18.21,6,
NA,C01W,n,4,5.29,18.21,6,
NA,C01W,e,5,6.18,19.59,14,
NA,C01W,e,6,5.84,19.59,14,
NA,C01W,s,1,5.66,18.35,5,
NA,C01W,s,2,5.81,18.35,5,
NA,C01W,w,1,3.01,19.77,10,
NA,C01W,w,2,2.79,19.77,10,End time: 12:35
NA,C04W,c,5,13.1,18.98,7,
NA,C04W,c,6,15,18.98,7,
NA,C04W,n,5,10.3,18.8,8,
NA,C04W,n,6,7.95,18.8,8,
NA,C04W,w,1,5.16,19.22,6,
NA,C04W,w,2,4.78,19.22,6,
NA,C04W,s,1,10.1,18.56,5,
NA,C04W,s,2,9.64,18.56,5,
NA,C04W,e,5,15.5,18.43,9,
NA,C04W,e,6,15,18.43,9,
NA,C04E,c,3,7.12,19.07,9,
NA,C04E,c,4,7.04,19.07,9,
NA,C04E,n,3,6.18,18.77,10,
NA,C04E,n,4,6.63,18.77,10,
NA,C04E,e,1,4.47,18.61,9,
NA,C04E,e,2,4.61,18.61,9,
NA,C04E,s,3,7.66,18.63,5,
NA,C04E,s,4,7.42,18.63,5,
NA,C04E,w,3,5.48,18.64,7,
NA,C03E,c,1,5.07,18.99,4,
NA,C03E,c,2,5.3,18.99,4,
NA,C03E,n,1,4.88,18.44,7,
NA,C03E,n,2,5.01,18.44,7,
NA,C03E,e,5,5.75,18.86,8,
NA,C03E,e,6,5.98,18.86,8,
NA,C03E,s,1,7.9,18.6,8,
NA,C03E,s,2,7.89,18.6,8,
NA,C03E,w,1,6.51,18.09,6,
NA,C03E,w,2,6.97,18.09,6,
NA,C03W,c,1,3.53,18.61,10,
NA,C03W,c,2,3.73,18.61,10,
NA,C03W,n,1,5.9,17.63,13,
NA,C03W,n,2,5.69,17.63,13,
NA,C03W,e,5,5.66,17.74,6,
NA,C03W,e,6,4.93,17.74,6,
NA,C03W,s,5,11,17.57,5,
NA,C03W,s,6,9.47,17.57,5,
NA,C03W,w,1,4.79,18.02,7,
NA,C03W,w,2,4.56,18.02,7,
NA,C02E,c,1,4.4,18.54,9,
NA,C02E,c,2,4.47,18.54,9,
NA,C02E,n,1,5.48,18.17,8,
NA,C02E,n,2,5.35,18.17,8,
NA,C02E,e,1,5.46,18.5,6,
NA,C02E,e,2,5.76,18.5,6,
NA,C02E,s,1,3.25,18.83,9,
NA,C02E,s,2,3.45,18.83,9,
NA,C02E,w,3,6.76,18.18,8,
NA,C02E,w,4,6.27,18.18,8,
NA,C02W,c,1,5.58,17.48,6,
NA,C02W,c,2,5.69,17.48,6,
NA,C02W,n,1,4.72,18.25,9,
NA,C02W,n,2,4.92,18.25,9,
NA,C02W,e,3,3.84,18.57,11,
NA,C02W,e,4,4.15,18.57,11,
NA,C02W,s,1,5.39,18.5,11,
NA,C02W,s,2,5.88,18.5,11,
NA,C02W,w,3,3.93,18.74,9,
NA,C02W,w,4,3.79,18.74,9,
NA,C01W,c,3,5.91,19.96,8,
NA,C01W,c,4,6.02,19.96,8,
NA,C01W,n,5,7.51,19.08,6,
NA,C01W,n,6,9.9,19.08,6,
NA,C01W,w,3,3.28,19.69,7,
NA,C01W,w,4,3.11,19.69,7,
NA,C01W,s,1,14.7,18.8,4,
NA,C01W,s,2,14.4,18.8,4,
NA,C01W,e,5,5.62,19.66,6,
NA,C01W,e,6,6.18,19.66,6,
NA,C01E,c,5,9.16,19.49,6,
NA,C01E,c,6,6.56,19.49,6,
NA,C01E,n,1,9.42,19.03,11,
NA,C01E,n,2,8.71,19.03,11,
NA,C01E,w,5,10.6,18.63,6,
NA,C01E,w,6,9.25,18.63,6,
NA,C01E,s,5,17.9,18.43,6,
NA,C01E,s,6,19,18.43,6,
NA,C01E,e,3,7.3,18.42,12,
NA,C01E,e,4,7.28,18.42,12,
NA,C04E,c,5,5.48,19.78,6,"Start time: 1:43pm, sunny, no rain past 24"
NA,C04E,c,6,5.25,19.78,6,
NA,C04E,n,1,5.89,20.4,7,
NA,C04E,n,2,6.14,20.4,7,
NA,C04E,e,1,3.69,20.21,9,
NA,C04E,e,2,3.74,20.21,9,
NA,C04E,s,1,4.81,19.11,13,
NA,C04E,s,2,4.9,19.11,13,
NA,C04E,w,1,4.02,19.88,9,
NA,C04E,w,2,4.32,19.88,9,
NA,C04W,c,1,8.7,19.99,14,
NA,C04W,c,2,10.3,19.99,14,
NA,C04W,n,1,6.57,19.55,7,
NA,C04W,n,2,7.15,19.55,7,
NA,C04W,e,1,8.34,19.25,6,
NA,C04W,e,2,8.89,19.25,6,
NA,C04W,s,1,6.39,19.62,6,
NA,C04W,s,2,6.47,19.62,6,
NA,C04W,w,1,4.36,20.1,5,
NA,C04W,w,2,4.3,20.1,5,
NA,C03E,c,1,3.46,20.2,5,
NA,C03E,c,2,3.71,20.2,5,
NA,C03E,n,1,3.73,19.33,7,
NA,C03E,n,2,3.89,19.33,7,
NA,C03E,e,1,5.34,21.19,7,
NA,C03E,e,2,5.16,21.19,7,
NA,C03E,s,1,5.39,19.42,6,
NA,C03E,s,2,6.17,19.42,6,
NA,C03E,w,5,5.22,19.63,3,
NA,C03E,w,6,5.65,19.63,3,
NA,C03W,c,3,3.02,19.66,8,
NA,C03W,c,4,3.09,19.66,8,
NA,C03W,n,5,5.56,18.83,9,
NA,C03W,n,6,5.52,18.83,9,
NA,C03W,e,5,4.54,18.66,7,
NA,C03W,e,6,4.6,18.66,7,
NA,C03W,s,5,9.28,19.34,4,
NA,C03W,s,6,8.14,19.34,4,
NA,C03W,w,3,4.51,19.05,7,
NA,C03W,w,4,4.71,19.05,7,
NA,C02E,c,1,3.87,20.27,6,
NA,C02E,c,2,3.84,20.27,6,
NA,C02E,n,3,5.8,19.45,8,
NA,C02E,n,4,5.31,19.45,8,
NA,C02E,e,1,5.8,19.56,6,
NA,C02E,e,2,5.68,19.56,6,
NA,C02E,s,1,2.94,20.62,9,
NA,C02E,s,2,3.14,20.62,9,
NA,C02E,w,1,4.66,19.3,5,
NA,C02E,w,2,5.04,19.3,5,
NA,C02W,c,3,5.06,18.94,5,
NA,C02W,c,4,5.12,18.94,5,
NA,C02W,n,1,4.07,19.14,7,
NA,C02W,n,2,4.16,19.14,7,
NA,C02W,e,1,3,19.67,10,
NA,C02W,e,2,3.22,19.67,10,
NA,C02W,s,1,5.1,19.82,12,
NA,C02W,s,2,5.4,19.82,12,
NA,C02W,w,1,2.98,20.36,6,
NA,C02W,w,2,2.95,20.36,6,
NA,C01E,c,5,6.89,21.64,5,
NA,C01E,c,6,6.41,21.64,5,
NA,C01E,n,3,8.85,20.4,6,
NA,C01E,n,4,8.96,20.4,6,
NA,C01E,e,1,4.72,20.3,7,
NA,C01E,e,2,4.97,20.3,7,
NA,C01E,s,5,16.1,21,3,
NA,C01E,s,6,14.4,21,3,
NA,C01E,w,1,6.9,20.07,3,
NA,C01E,w,2,7.96,20.07,3,
NA,C01W,c,1,4.34,21.8,5,
NA,C01W,c,2,4.62,21.8,5,
NA,C01W,n,5,4.95,20.75,6,
NA,C01W,n,6,4.75,20.75,6,
NA,C01W,e,1,6.91,22.02,5,
NA,C01W,e,2,6.99,22.02,5,
NA,C01W,s,3,7.91,20.12,6,
NA,C01W,s,4,7.5,20.12,6,
NA,C01W,w,1,3.45,22.51,7,
NA,C01W,w,2,3.65,22.51,7,
NA,C01W,c,1,3.68,15.91,7,
NA,C01W,c,2,3.8,15.91,7,
NA,C01W,n,3,6.3,16.47,6,
NA,C01W,n,4,6.36,16.47,6,
NA,C01W,w,3,2.92,16,5,
NA,C01W,w,4,3.26,16,5,
NA,C01W,s,1,9.59,16.65,6,
NA,C01W,s,2,9.72,16.65,6,
NA,C01W,e,1,9.27,16.13,5,
NA,C01W,e,2,8.5,16.13,5,
NA,C01E,c,1,6.81,16.2,8,
NA,C01E,c,2,6.2,16.2,8,
NA,C01E,n,3,9.14,16.01,11,
NA,C01E,n,4,9.4,16.01,11,
NA,C01E,w,3,6.98,16.31,5,
NA,C01E,w,4,6.64,16.31,5,
NA,C01E,s,1,22.8,16.62,4,
NA,C01E,s,2,20.8,16.62,4,
NA,C01E,e,1,5.34,16.89,5,
NA,C01E,e,2,5.73,16.89,5,
NA,C02W,c,1,6.25,16.03,8,
NA,C02W,c,2,5.7,16.03,8,
NA,C02W,n,1,5.18,16,5,
NA,C02W,n,2,4.69,16,5,
NA,C02W,w,5,3.23,15.93,6,
NA,C02W,w,6,3.18,15.93,6,
NA,C02W,s,5,5.15,16.52,14,
NA,C02W,s,6,5.18,16.52,14,
NA,C02W,e,3,2.54,15.48,10,
NA,C02W,e,4,2.56,15.48,10,
NA,C02E,c,3,4.41,16.12,10,
NA,C02E,c,4,4.07,16.12,10,
NA,C02E,n,1,4.55,16.31,7,
NA,C02E,n,2,4.29,16.31,7,
NA,C02E,w,1,4.95,16.33,6,
NA,C02E,w,2,4.81,16.33,6,
NA,C02E,s,1,2.63,16.42,10,
NA,C02E,s,2,2.57,16.42,12,
NA,C02E,e,1,5.8,16.14,12,
NA,C02E,e,2,5.6,16.14,12,
NA,C03W,c,3,2.96,16.18,10,
NA,C03W,c,4,2.76,18.18,10,
NA,C03W,n,1,5.28,16.55,10,
NA,C03W,n,2,5.3,16.55,10,
NA,C03W,w,1,4.13,16.12,11,
NA,C03W,w,2,3.73,16.12,11,
NA,C03W,s,3,8.1,16.5,4,
NA,C03W,s,4,7.41,16.5,4,
NA,C03W,e,3,5.21,16.25,7,
NA,C03W,e,4,5.02,16.25,7,
NA,C03E,c,1,4.08,16.42,11,
NA,C03E,c,2,3.82,16.42,11,
NA,C03E,n,1,4.08,16.67,5,
NA,C03E,n,2,4.27,16.67,5,
NA,C03E,w,3,4.82,16.48,5,
NA,C03E,w,4,5.08,16.48,5,
NA,C03E,s,3,8.83,16.89,9,
NA,C03E,s,4,8.08,16.89,9,
NA,C03E,e,1,4.61,17.27,5,
NA,C03E,e,2,4.85,17.27,5,
NA,C04W,c,3,8.18,17.49,11,
NA,C04W,c,4,7.46,17.49,11,
NA,C04W,n,1,7.64,17.47,6,
NA,C04W,n,2,8.1,17.47,6,
NA,C04W,w,1,4.37,17.13,4,
NA,C04W,w,2,4.46,17.13,4,
NA,C04W,s,5,8.83,16.92,5,
NA,C04W,s,6,8.28,16.92,5,
NA,C04W,e,5,9.71,17.1,5,
NA,C04W,e,6,11.4,17.1,5,
NA,C04E,c,5,5.3,17.35,4,
NA,C04E,c,6,4.49,17.35,4,
NA,C04E,n,1,5.2,17.42,8,
NA,C04E,n,2,4.93,17.42,8,
NA,C04E,e,1,3.79,14.07,9,
NA,C04E,e,2,3.73,14.07,9,
NA,C04E,s,3,5.72,17.03,5,
NA,C04E,s,4,5.57,17.03,5,
NA,C04E,w,1,4.02,17.18,10,
NA,C04E,w,2,4.27,17.18,10,
NA,C01W,c,1,0.772,1.4,8.2,start 2:00p
NA,C01W,c,2,0.802,1.4,8.2,
NA,C01W,n,1,NA,3.1,9.6,missed first reading
NA,C01W,n,2,0.848,3.1,9.6,
NA,C01W,s,1,1.62,2.3,7.5,
NA,C01W,s,2,1.44,2.3,7.5,
NA,C01E,n,1,1.78,1.8,7.9,"C01EC collar is missing, needs to be replaced"
NA,C01E,n,2,1.61,1.8,7.9,
NA,C01E,s,1,1.83,2.5,11.4,
NA,C01E,s,2,1.86,2.5,11.4,
NA,C02W,c,1,1.71,2.9,8.7,
NA,C02W,c,2,1.58,2.9,8.7,
NA,C02W,n,1,1.15,3.2,10.3,
NA,C02W,n,2,1.09,3.2,10.3,
NA,C02W,s,1,1.21,2.7,15.6,
NA,C02W,s,2,1.16,2.7,15.6,
NA,C02E,c,1,2.29,2.2,7.8,
NA,C02E,c,2,2.06,2.2,7.8,
NA,C02E,n,1,1.43,2.8,9.8,
NA,C02E,n,2,1.23,2.8,9.8,
NA,C02E,s,1,0.791,1.8,8,
NA,C02E,s,2,0.774,1.8,8,
NA,C03W,c,1,1.32,1.9,8.1,
NA,C03W,c,2,1.18,1.9,8.1,
NA,C03W,n,1,2.39,3,10.6,
NA,C03W,n,2,2.36,3,10.6,
NA,C03W,s,1,1.92,3.2,10.7,
NA,C03W,s,2,1.93,3.2,10.7,
NA,C03E,c,1,1.05,1.3,6.8,
NA,C03E,c,2,1.1,1.3,6.8,
NA,C03E,n,1,1.84,2.5,6.2,
NA,C03E,n,2,1.73,2.5,6.2,
NA,C03E,s,1,2.12,2.9,9,
NA,C03E,s,2,2.06,2.9,9,
NA,C04W,c,1,2.59,2.3,9.1,
NA,C04W,c,2,2.35,2.3,9.1,
NA,C04W,n,1,1.37,2.3,7.8,no flag by collar
NA,C04W,n,2,1.36,2.3,7.8,
NA,C04W,s,1,1.97,2.9,8.9,
NA,C04W,s,2,1.88,2.9,8.9,
NA,C04E,c,1,1.85,2.2,8.4,
NA,C04E,c,2,1.58,2.2,8.4,
NA,C04E,n,1,1.61,3,9.2,
NA,C04E,n,2,1.38,3,9.2,
NA,C04E,s,1,1.32,2.3,11,
NA,C04E,s,2,1.38,2.3,11,end 3:56p
5/14/2019 7:21,D04W,e,1,1.57,7.3,8,start 9am: sunny
5/14/2019 7:24,D04W,e,2,1.44,7.3,8,
5/14/2019 7:29,D04W,s,1,2,7.3,12,
5/14/2019 7:30,D04W,s,2,1.81,7.3,12,
5/14/2019 7:39,D04W,w,1,2.79,7.5,13,
5/14/2019 7:41,D04W,w,2,2.58,7.5,13,
5/14/2019 7:47,D04W,n,1,0.99,6.9,11,
5/14/2019 7:51,D04W,n,2,0.953,6.9,11,
5/14/2019 7:57,D04E,n,1,1.12,8.1,8,
5/14/2019 8:00,D04E,n,2,1.02,8.1,8,
5/14/2019 8:06,D04E,e,1,0.955,7.1,11,
5/14/2019 8:08,D04E,e,2,1.53,7.1,11,
5/14/2019 8:11,D04E,s,1,1.88,7.7,8,
5/14/2019 8:12,D04E,s,2,1.91,7.7,8,
5/14/2019 8:15,D04E,w,1,2.19,7.2,9,
5/14/2019 8:16,D04E,w,2,2.18,7.2,9,
5/14/2019 8:19,D04E,c,1,1.36,8.8,10,
5/14/2019 8:21,D04E,c,2,1.32,8.8,10,
5/14/2019 8:30,D02W,c,1,2.47,7.8,10,
5/14/2019 8:31,D02W,c,2,2.53,7.8,10,
5/14/2019 8:35,D02W,n,1,1.29,7.5,9,
5/14/2019 8:36,D02W,n,2,1.33,7.5,9,
5/14/2019 8:39,D02W,w,1,1.86,8.1,8,
5/14/2019 8:40,D02W,w,2,1.82,8.1,8,
5/14/2019 8:46,D02W,s,3,1.72,7.8,11,Second run
5/14/2019 8:48,D02W,s,4,1.71,7.8,11,
5/14/2019 8:51,D02W,e,1,2.36,8.1,10,
5/14/2019 8:52,D02W,e,2,2.24,8.1,10,
5/14/2019 8:55,D02E,c,1,3.93,8.8,9,
5/14/2019 8:55,D02E,c,2,3.92,8.8,9,
5/14/2019 8:58,D02E,n,1,3.06,8.3,9,
5/14/2019 8:59,D02E,n,2,2.55,8.3,9,
5/14/2019 9:02,D02E,e,1,2.75,6.8,10,
5/14/2019 9:03,D02E,e,2,2.74,6.8,10,
5/14/2019 9:06,D02E,s,1,2.46,9.2,10,
5/14/2019 9:07,D02E,s,2,2.54,9.2,10,
5/14/2019 9:10,D02E,w,1,2.49,8.4,7,
5/14/2019 9:11,D02E,w,2,2.29,8.4,7,
5/14/2019 9:18,D03E,c,1,2.13,7.9,11,
5/14/2019 9:19,D03E,c,2,2.16,7.9,11,
5/14/2019 9:23,D03E,n,1,1.01,7.9,10,
5/14/2019 9:25,D03E,n,2,1.23,7.9,10,
5/14/2019 9:27,D03E,e,1,2.83,7.9,11,
5/14/2019 9:28,D03E,e,2,2.89,7.9,11,
5/14/2019 9:31,D03E,s,1,2.86,7.6,13,
5/14/2019 9:32,D03E,s,2,3.07,7.6,13,
5/14/2019 9:35,D03E,w,1,2.48,7.6,11,missed efflux reading
5/14/2019 9:36,D03E,w,2,2.59,7.6,11,
5/14/2019 9:39,D03W,c,1,1.86,8.4,8,
5/14/2019 9:41,D03W,c,2,1.94,8.4,8,
5/14/2019 9:43,D03W,n,1,2.6,8.2,11,
5/14/2019 9:44,D03W,n,2,2.61,8.2,11,Second run
5/14/2019 9:49,D03W,e,3,1.17,8.9,11,
5/14/2019 9:50,D03W,e,4,2.2,8.9,11,
5/14/2019 9:52,D03W,s,1,3.26,8.2,15,
5/14/2019 9:53,D03W,s,2,3.3,8.2,15,
5/14/2019 9:57,D03W,w,1,1.01,9.5,6,
5/14/2019 9:59,D03W,w,2,0.982,9.5,6,
5/14/2019 11:21,D01E,c,1,2.24,10.4,9,
5/14/2019 11:22,D01E,c,2,2.37,10.4,9,
5/14/2019 11:25,D01E,n,1,1.68,10.3,8,
5/14/2019 11:27,D01E,n,2,1.59,10.3,8,
5/14/2019 11:31,D01E,e,1,1.48,11.7,11,
5/14/2019 11:33,D01E,e,2,1.45,11.7,11,
5/14/2019 11:35,D01E,s,1,1.93,11.4,7,
5/14/2019 11:37,D01E,s,2,2.06,11.4,7,
5/14/2019 11:40,D01E,w,1,1.6,9.2,9,
5/14/2019 11:41,D01E,w,2,1.53,9.2,9,
5/14/2019 11:45,D01W,c,1,1.36,9.7,10,
5/14/2019 11:47,D01W,c,2,1.37,9.7,10,
5/14/2019 11:49,D01W,n,1,2.3,12.2,9,
5/14/2019 11:50,D01W,n,2,2.7,12.2,9,
5/14/2019 11:53,D01W,e,1,1.28,9.6,9,
5/14/2019 11:55,D01W,e,2,1.32,9.6,9,
5/14/2019 11:57,D01W,s,1,2.29,13.9,10,
5/14/2019 11:58,D01W,s,2,2.49,13.9,10,
5/14/2019 12:01,D01W,w,1,2.03,8.3,7,
5/14/2019 12:02,D01W,w,2,2.11,8.3,7,
5/21/2019 7:28,D01W,c,1,1.7,6.9,13,9:15am start time
5/21/2019 7:30,D01W,c,2,1.6,6.9,13,
5/21/2019 7:33,D01W,n,1,1.33,6.9,14,
5/21/2019 7:35,D01W,n,2,1.24,6.9,14,
5/21/2019 7:45,D01W,w,1,1.63,6.7,12,
5/21/2019 7:46,D01W,w,2,1.68,6.7,12,
5/21/2019 7:49,D01W,s,1,1.16,7.4,12,
5/21/2019 7:51,D01W,s,2,1.21,7.4,12,
5/21/2019 7:55,D01W,e,1,0.925,7.2,12,
5/21/2019 7:58,D01W,e,2,0.973,7.2,12,
5/21/2019 8:01,D01E,c,1,1.83,7,12,
5/21/2019 8:02,D01E,c,2,1.77,7,12,
5/21/2019 8:06,D01E,n,1,1.43,7.8,14,
5/21/2019 8:08,D01E,n,2,1.41,7.8,14,
5/21/2019 8:49,D01E,w,1,1.78,8,14,
5/21/2019 8:50,D01E,w,2,1.67,8,14,
5/21/2019 8:53,D01E,s,1,1.57,7.9,10,
5/21/2019 8:54,D01E,s,2,1.7,7.9,10,
5/21/2019 8:57,D01E,e,1,1.46,8,14,
5/21/2019 8:58,D01E,e,2,1.41,8,14,
5/21/2019 9:03,D03W,c,1,2.6,7.9,15,
5/21/2019 9:04,D03W,c,2,2.52,7.9,15,
5/21/2019 9:06,D03W,n,1,3.14,7.5,12,
5/21/2019 9:07,D03W,n,2,3.13,7.5,12,
5/21/2019 9:10,D03W,w,1,1.38,8.7,10,
5/21/2019 9:12,D03W,w,2,1.33,8.7,10,
5/21/2019 9:14,D03W,s,1,3.62,7.3,21,
5/21/2019 9:15,D03W,s,2,3.45,7.3,21,
5/21/2019 9:18,D03W,e,1,1.56,8.5,12,
5/21/2019 9:20,D03W,e,2,1.46,8.5,12,
5/21/2019 9:22,D03E,c,1,2.46,7.9,12,
5/21/2019 9:23,D03E,c,2,2.53,7.9,12,
5/21/2019 9:26,D03E,n,1,1.82,7.7,9,
5/21/2019 9:28,D03E,n,2,1.68,7.7,9,
5/21/2019 9:30,D03E,w,1,3.13,7.5,14,
5/21/2019 9:31,D03E,w,2,2.94,7.5,14,
5/21/2019 9:34,D03E,s,1,3.77,7.5,14,
5/21/2019 9:34,D03E,s,2,3.59,7.5,14,
5/21/2019 9:37,D03E,e,1,3.62,7.9,15,
5/21/2019 9:38,D03E,e,2,3.52,7.9,15,
5/21/2019 9:44,D04E,c,1,2.61,12.7,15,
5/21/2019 9:45,D04E,c,2,2.43,12.7,15,
5/21/2019 9:47,D04E,n,1,2.9,12,11,
5/21/2019 9:48,D04E,n,2,2.75,12,11,
5/21/2019 9:51,D04E,e,1,1.73,7.6,9,
5/21/2019 9:52,D04E,e,2,1.51,7.6,9,
5/21/2019 9:54,D04E,s,1,3.02,8.6,11,
5/21/2019 9:55,D04E,s,2,2.87,8.6,11,
5/21/2019 9:59,D04E,w,1,3.74,8.1,13,
5/21/2019 10:00,D04E,w,2,3.8,8.1,13,
5/21/2019 10:04,D04W,n,1,1.22,8,12,
5/21/2019 10:06,D04W,n,2,1.19,8,12,
5/21/2019 10:09,D04W,e,1,1.48,9.4,12,
5/21/2019 10:10,D04W,e,2,1.54,9.4,12,
5/21/2019 10:12,D04W,s,1,2.11,9.5,12,
5/21/2019 10:14,D04W,s,2,2.06,9.5,12,
5/21/2019 10:18,D04W,w,1,2.92,10,15,
5/21/2019 10:19,D04W,w,2,3.08,10,15,
5/21/2019 10:25,D02E,c,1,3.62,9.7,12,
5/21/2019 10:25,D02E,c,2,4.01,9.7,12,
5/21/2019 10:28,D02E,n,1,2.75,8.9,10,
5/21/2019 10:29,D02E,n,2,2.58,8.9,10,
5/21/2019 10:32,D02E,e,1,2.57,7.8,12,
5/21/2019 10:33,D02E,e,2,2.65,7.8,12,
5/21/2019 10:35,D02E,s,1,2.72,11.2,12,
5/21/2019 10:36,D02E,s,2,2.59,11.2,12,
5/21/2019 10:38,D02E,w,1,2.09,8.4,12,
5/21/2019 10:40,D02E,w,2,2.32,8.4,12,
5/21/2019 10:44,D02W,c,1,4.78,8.2,11,Collar slightly disturbed before measurement
5/21/2019 10:45,D02W,c,2,4.87,8.2,11,
5/21/2019 10:48,D02W,n,1,1.28,8.7,11,
5/21/2019 10:50,D02W,n,2,1.32,8.7,11,
5/21/2019 10:52,D02W,w,1,2.63,10.3,11,
5/21/2019 10:53,D02W,w,2,2.69,10.3,11,
5/21/2019 10:55,D02W,s,1,1.74,10.3,12,
5/21/2019 10:56,D02W,s,2,1.93,10.3,12,
5/21/2019 10:58,D02W,e,1,3.6,9.7,10,12:54pm end time
5/21/2019 10:59,D02W,e,2,3.52,9.7,10,12:54pm end time
5/30/2019 7:47,D04E,c,1,2.43,14.2,12,Start time: 9:42 am; cloudy
5/30/2019 7:48,D04E,c,2,2.43,14.2,12,
5/30/2019 7:56,D04E,n,5,2.82,13.6,10,4 more bad measurementts in licor
5/30/2019 7:57,D04E,n,6,2.66,13.6,10,
5/30/2019 8:00,D04E,e,1,1.76,11.9,11,
5/30/2019 8:02,D04E,e,2,1.86,11.9,11,
5/30/2019 8:03,D04E,s,1,3.55,12.3,12,
5/30/2019 8:04,D04E,s,2,3.61,12.3,12,
5/30/2019 8:06,D04E,w,1,2.56,11.4,10,
5/30/2019 8:07,D04E,w,2,2.67,11.4,10,
5/30/2019 8:10,D04W,n,1,1.53,12.2,14,
5/30/2019 8:12,D04W,n,2,1.47,12.2,14,
5/30/2019 8:14,D04W,e,1,1.93,12.9,14,
5/30/2019 8:16,D04W,e,2,2.06,12.9,14,
5/30/2019 8:18,D04W,s,1,2.69,12.4,11,
5/30/2019 8:19,D04W,s,2,2.66,12.4,11,
5/30/2019 8:21,D04W,w,1,4.35,12.5,13,
5/30/2019 8:22,D04W,w,2,4.37,12.5,13,
5/30/2019 8:26,D02E,c,1,3.55,12.3,14,
5/30/2019 8:27,D02E,c,2,3.54,12.3,14,
5/30/2019 8:30,D02E,n,3,3.56,12.8,11,2 more bad measurements in licor
5/30/2019 8:31,D02E,n,4,3.6,12.8,11,
5/30/2019 8:34,D02E,e,1,2.99,10.8,11,
5/30/2019 8:35,D02E,e,2,3.1,10.8,11,
5/30/2019 8:37,D02E,s,1,3.04,12.8,13,
5/30/2019 8:38,D02E,s,2,3.12,12.8,13,
5/30/2019 8:40,D02E,w,1,2.84,12.1,14,
5/30/2019 8:41,D02E,w,2,2.93,12.1,14,
5/30/2019 8:43,D02W,c,1,4.59,12.4,14,
5/30/2019 8:44,D02W,c,2,4.36,12.4,14,
5/30/2019 8:46,D02W,n,1,2.66,12.2,11,
5/30/2019 8:48,D02W,n,2,2.56,12.2,11,
5/30/2019 8:50,D02W,e,1,3.19,12.4,13,
5/30/2019 8:51,D02W,e,2,3.41,12.4,13,
5/30/2019 8:53,D02W,s,1,2.32,12.8,10,
5/30/2019 8:54,D02W,s,2,2.57,12.8,10,
5/30/2019 8:56,D02W,w,1,3.36,13.2,10,
5/30/2019 8:57,D02W,w,2,3.39,13.2,10,
5/30/2019 9:03,D03E,c,1,3.34,12.2,18,
5/30/2019 9:04,D03E,c,2,3.57,12.2,18,
5/30/2019 9:10,D03E,n,3,2.13,12.6,11,2 other bad measurements in licor
5/30/2019 9:11,D03E,n,4,2.03,12.6,11,
5/30/2019 9:13,D03E,e,1,4.25,12.1,13,
5/30/2019 9:14,D03E,e,2,4.57,12.1,13,
5/30/2019 9:16,D03E,s,1,3.79,11.7,14,
5/30/2019 9:17,D03E,s,2,4.19,11.7,14,
5/30/2019 9:19,D03E,w,1,3.13,11.7,14,
5/30/2019 9:20,D03E,w,2,3.35,11.7,14,
5/30/2019 9:22,D03W,c,1,2.99,12.5,13,
5/30/2019 9:23,D03W,c,2,3.11,12.5,13,
5/30/2019 9:25,D03W,n,1,3.56,12.7,10,
5/30/2019 9:26,D03W,n,2,3.68,12.7,10,
5/30/2019 9:29,D03W,e,1,1.78,12.7,11,
5/30/2019 9:30,D03W,e,2,1.78,12.7,11,
5/30/2019 9:32,D03W,s,1,4.42,11.5,15,
5/30/2019 9:33,D03W,s,2,4.95,11.5,15,
5/30/2019 9:35,D03W,w,1,1.72,13.8,8,
5/30/2019 9:37,D03W,w,2,1.76,13.8,8,
5/30/2019 9:41,D01E,c,1,2.79,12.9,11,
5/30/2019 9:42,D01E,c,2,3.04,12.9,11,
5/30/2019 9:45,D01E,n,1,1.76,13.6,9,
5/30/2019 9:46,D01E,n,2,1.87,13.6,9,
5/30/2019 9:49,D01E,e,1,1.91,13.9,14,
5/30/2019 9:50,D01E,e,2,1.92,13.9,14,
5/30/2019 9:52,D01E,s,1,2.37,13.4,10,
5/30/2019 9:53,D01E,s,2,2.54,13.4,10,
5/30/2019 9:55,D01E,w,1,2.17,13,12,
5/30/2019 9:57,D01E,w,2,2.16,13,12,
5/30/2019 9:59,D01W,c,1,2.11,12.6,12,
5/30/2019 10:00,D01W,c,2,2.16,12.6,12,
5/30/2019 10:03,D01W,n,1,2.07,13.6,11,
5/30/2019 10:04,D01W,n,2,2.15,13.6,11,
5/30/2019 10:06,D01W,w,1,3.34,11.6,12,
5/30/2019 10:07,D01W,w,2,3.32,11.6,12,
5/30/2019 10:09,D01W,s,1,2.45,14.1,9,
5/30/2019 10:10,D01W,s,2,2.48,14.1,9,
5/30/2019 10:12,D01W,e,1,1.59,12.4,10,
5/30/2019 10:14,D01W,e,2,1.69,12.4,10,12:10pm end time
6/6/2019 7:46,D02E,c,1,2.88,10.5,8,start time: 9:40am sunny
6/6/2019 7:47,D02E,c,2,2.93,10.5,8,
6/6/2019 7:49,D02E,n,1,2.63,10.9,6,
6/6/2019 7:50,D02E,n,2,2.65,10.9,6,
6/6/2019 7:53,D02E,e,1,2.76,9.8,8,
6/6/2019 7:54,D02E,e,2,2.8,9.8,8,
6/6/2019 7:57,D02E,s,1,3.31,11.2,9,
6/6/2019 7:58,D02E,s,2,3.2,11.2,9,
6/6/2019 8:06,D02E,w,4,2.53,10.7,6,first 3 measurements in licor bad
6/6/2019 8:07,D02E,w,5,2.62,10.7,6,
6/6/2019 8:10,D02W,c,1,4.33,10.9,10,
6/6/2019 8:11,D02W,c,2,4.4,10.9,10,
6/6/2019 8:13,D02W,n,1,2,10.7,7,
6/6/2019 8:14,D02W,n,2,2.03,10.7,7,
6/6/2019 8:16,D02W,w,1,3.02,11.5,6,
6/6/2019 8:17,D02W,w,2,3.01,11.5,6,
6/6/2019 8:20,D02W,s,1,2.69,11,11,
6/6/2019 8:21,D02W,s,2,2.7,11,11,
6/6/2019 8:23,D02W,e,1,2.55,10.8,7,
6/6/2019 8:25,D02W,e,2,2.71,10.8,7,
6/6/2019 8:38,D01W,c,1,1.81,10.7,6,
6/6/2019 8:40,D01W,c,2,1.8,10.7,6,
6/6/2019 8:42,D01W,n,1,1.88,11.3,7,
6/6/2019 8:43,D01W,n,2,1.9,11.3,7,
6/6/2019 8:46,D01W,w,1,3.6,10.7,6,
6/6/2019 8:47,D01W,w,2,3.69,10.7,6,
6/6/2019 8:49,D01W,s,1,1.87,11.6,6,
6/6/2019 8:50,D01W,s,2,1.8,11.6,6,
6/6/2019 8:53,D01W,e,1,1.85,10.9,6,
6/6/2019 8:55,D01W,e,2,1.86,10.9,6,
6/6/2019 8:57,D01E,c,1,2.62,11.4,7,
6/6/2019 8:59,D01E,c,2,2.44,11.4,7,
6/6/2019 9:01,D01E,n,1,2.04,11.9,5,
6/6/2019 9:03,D01E,n,2,1.96,11.9,5,
6/6/2019 9:05,D01E,w,1,2.04,11.8,8,
6/6/2019 9:07,D01E,w,2,2.02,11.8,8,
6/6/2019 9:10,D01E,s,1,1.75,11.6,6,
6/6/2019 9:11,D01E,s,2,2.02,11.6,6,
6/6/2019 9:14,D01E,e,1,1.47,11.8,8,
6/6/2019 9:16,D01E,e,2,1.47,11.8,8,
6/6/2019 9:21,D03W,c,1,2.45,11.3,8,
6/6/2019 9:22,D03W,c,2,2.36,11.3,8,
6/6/2019 9:23,D03W,n,1,2.82,11.5,8,
6/6/2019 9:24,D03W,n,2,2.8,11.5,8,
6/6/2019 9:27,D03W,w,1,1.35,12.1,4,
6/6/2019 9:28,D03W,w,2,1.39,12.1,4,
6/6/2019 9:30,D03W,s,1,3.59,10.9,9,
6/6/2019 9:31,D03W,s,2,3.79,10.9,9,
6/6/2019 9:33,D03W,e,1,2.19,11.7,7,
6/6/2019 9:34,D03W,e,2,2.01,11.7,7,
6/6/2019 9:37,D03E,c,1,2.91,11.2,8,
6/6/2019 9:38,D03E,c,2,2.92,11.2,8,
6/6/2019 9:40,D03E,n,1,1.42,11.2,6,
6/6/2019 9:42,D03E,n,2,1.6,11.2,6,
6/6/2019 9:43,D03E,e,1,3.66,11.3,10,
6/6/2019 9:44,D03E,e,2,3.85,11.3,10,
6/6/2019 9:46,D03E,s,1,3.82,11.4,11,
6/6/2019 9:47,D03E,s,2,4.06,11.4,11,
6/6/2019 9:49,D03E,w,1,3.88,10.8,8,
6/6/2019 9:50,D03E,w,2,3.79,10.8,8,End time: 11:46am
6/6/2019 11:09,D04W,n,1,1.39,12.8,8,Start time: 1:02pm
6/6/2019 11:11,D04W,n,2,1.35,12.8,8,
6/6/2019 11:13,D04W,w,1,4.29,14.9,8,
6/6/2019 11:14,D04W,w,2,4.59,14.9,8,
6/6/2019 11:16,D04W,s,1,2.6,12.9,8,
6/6/2019 11:17,D04W,s,2,2.73,12.9,8,
6/6/2019 11:19,D04W,e,1,1.76,13.2,5,
6/6/2019 11:21,D04W,e,2,1.53,13.2,5,
6/6/2019 11:23,D04E,c,1,2.34,19,7,
6/6/2019 11:24,D04E,c,2,2.5,19,7,
6/6/2019 11:26,D04E,n,1,2.31,20.2,4,
6/6/2019 11:27,D04E,n,2,2.29,20.2,4,
6/6/2019 11:29,D04E,e,1,2.05,12.2,8,
6/6/2019 11:30,D04E,e,2,2.2,12.2,8,
6/6/2019 11:32,D04E,s,1,3.64,13.8,5,
6/6/2019 11:33,D04E,s,2,3.8,13.8,5,
6/6/2019 11:35,D04E,w,1,3.07,13.3,8,
6/6/2019 11:36,D04E,w,2,3.09,13.3,8,end time: 1:36
6/11/2019 7:32,D03E,c,1,4.98,11.8,14,start time: 9:27am sunny. Rain last 24 hrs
6/11/2019 7:33,D03E,c,2,5.01,11.8,14,
6/11/2019 7:36,D03E,n,1,2.38,11.9,9,
6/11/2019 7:37,D03E,n,2,2.11,11.9,9,
6/11/2019 7:39,D03E,e,1,5.98,12.3,12,
6/11/2019 7:40,D03E,e,2,6.12,12.3,12,
6/11/2019 7:41,D03E,s,1,5.03,12.3,15,
6/11/2019 7:42,D03E,s,2,5.51,12.3,15,
6/11/2019 7:44,D03E,w,1,4.04,12.3,14,
6/11/2019 7:45,D03E,w,2,4.24,12.3,14,
6/11/2019 7:48,D03W,c,1,3.56,11.9,10,
6/11/2019 7:49,D03W,c,2,3.42,11.9,10,
6/11/2019 7:52,D03W,n,2,4.47,12.2,12,first measurement bad
6/11/2019 7:53,D03W,n,3,4.4,12.2,12,
6/11/2019 7:55,D03W,e,1,2.58,11.9,12,
6/11/2019 7:57,D03W,e,2,2.44,11.9,12,
6/11/2019 7:59,D03W,s,1,5.64,11.9,14,
6/11/2019 7:59,D03W,s,2,5.86,11.9,14,
6/11/2019 8:03,D03W,w,1,2.4,12.4,9,
6/11/2019 8:04,D03W,w,2,2.32,12.4,9,
6/11/2019 8:10,D01E,c,1,3.11,12.5,12,
6/11/2019 8:11,D01E,c,2,3.21,12.5,12,
6/11/2019 8:13,D01E,n,1,2.6,12.5,11,
6/11/2019 8:14,D01E,n,2,2.61,12.5,11,
6/11/2019 8:17,D01E,e,1,1.77,12.3,14,
6/11/2019 8:19,D01E,e,2,1.73,12.3,14,
6/11/2019 8:21,D01E,s,1,2.27,12.6,9,
6/11/2019 8:22,D01E,s,2,2.52,12.6,9,
6/11/2019 8:24,D01E,w,1,3.04,12.4,14,
6/11/2019 8:25,D01E,w,2,3.11,12.4,14,
6/11/2019 8:27,D01W,c,1,3.31,12.3,12,
6/11/2019 8:28,D01W,c,2,3.81,12.3,12,
6/11/2019 8:31,D01W,n,1,2.81,12.4,12,
6/11/2019 8:32,D01W,n,2,2.72,12.4,12,
6/11/2019 8:33,D01W,w,1,3.72,12.1,10,
6/11/2019 8:34,D01W,w,2,4.02,12.1,10,
6/11/2019 8:36,D01W,s,1,2.47,12.9,9,
6/11/2019 8:38,D01W,s,2,2.54,12.9,9,
6/11/2019 8:40,D01W,e,1,3.55,12.4,13,
6/11/2019 8:41,D01W,e,2,3.32,12.4,13,
6/11/2019 8:48,D02W,c,1,6.13,12.8,13,
6/11/2019 8:49,D02W,c,2,6.23,12.8,13,
6/11/2019 8:51,D02W,n,1,3.26,12.8,11,
6/11/2019 8:52,D02W,n,2,3.35,12.8,11,
6/11/2019 8:54,D02W,w,1,3.46,13.7,10,
6/11/2019 8:55,D02W,w,2,3.72,13.7,10,
6/11/2019 8:57,D02W,s,1,3.15,13.1,10,
6/11/2019 8:58,D02W,s,2,3.5,13.1,10,
6/11/2019 9:00,D02W,e,1,3.98,12.9,12,
6/11/2019 9:01,D02W,e,2,4.53,12.9,12,
6/11/2019 9:04,D02E,c,1,4.02,12.6,15,
6/11/2019 9:05,D02E,c,2,3.95,12.6,15,
6/11/2019 9:07,D02E,n,1,3.16,13,9,
6/11/2019 9:08,D02E,n,2,3.33,13,9,
6/11/2019 9:10,D02E,w,1,3.2,12.8,12,
6/11/2019 9:11,D02E,w,2,3.45,12.8,12,
6/11/2019 9:13,D02E,s,1,3.75,13.2,13,
6/11/2019 9:14,D02E,s,2,3.77,13.2,13,
6/11/2019 9:18,D02E,e,3,3.91,11.7,24,first two measurements bad
6/11/2019 9:19,D02E,e,4,3.89,11.7,24,
6/11/2019 9:25,D04W,n,1,1.9,12.5,14,
6/11/2019 9:27,D04W,n,2,1.94,12.5,14,
6/11/2019 9:31,D04W,w,3,5.43,13.3,12,first two measurements bad
6/11/2019 9:32,D04W,w,4,5.52,13.3,12,
6/11/2019 9:34,D04W,s,1,2.61,12.6,12,
6/11/2019 9:36,D04W,s,2,2.66,12.6,12,
6/11/2019 9:39,D04W,e,1,2.53,14.2,12,
6/11/2019 9:40,D04W,e,2,2.59,14.2,12,
6/11/2019 9:43,D04E,c,1,2.93,16.5,14,
6/11/2019 9:44,D04E,c,2,3.01,16.5,14,
6/11/2019 9:46,D04E,n,1,2.69,15.2,11,
6/11/2019 9:48,D04E,n,2,2.92,15.2,11,
6/11/2019 9:50,D04E,e,1,2.61,12.7,14,
6/11/2019 9:52,D04E,e,2,2.74,12.7,14,
6/11/2019 9:54,D04E,s,1,5.07,13.6,9,
6/11/2019 9:55,D04E,s,2,5.63,13.6,9,
6/11/2019 9:56,D04E,w,1,4.43,16,11,
6/11/2019 9:57,D04E,w,2,4.75,16,11,End time: 11:55am
6/18/2019 7:42,D03W,c,1,4.27,13.1,10,Start time: 9:38 am cloudy (HHMMSS 2 hours early)
6/18/2019 7:43,D03W,c,2,4.09,13.1,10,
6/18/2019 7:54,D03W,n,1,4.31,13.6,10,
6/18/2019 7:55,D03W,n,2,3.98,13.6,10,
6/18/2019 7:57,D03W,w,1,3.18,13.8,7,
6/18/2019 7:58,D03W,w,2,2.72,13.8,7,
6/18/2019 8:00,D03W,s,1,7.01,12.8,19,
6/18/2019 8:01,D03W,s,2,7.45,12.8,19,
6/18/2019 8:03,D03W,e,1,2.64,13.1,8,
6/18/2019 8:04,D03W,e,2,2.55,13.1,8,
6/18/2019 8:07,D03E,c,1,5.38,13.2,12,
6/18/2019 8:08,D03E,c,2,5.28,13.2,12,
6/18/2019 8:10,D03E,n,1,2.97,13.5,11,
6/18/2019 8:11,D03E,n,2,2.81,13.5,11,
6/18/2019 8:13,D03E,e,1,8.22,13.1,11,
6/18/2019 8:14,D03E,e,2,7.71,13.1,11,
6/18/2019 8:15,D03E,e,3,7.3,13.1,11,
6/18/2019 8:16,D03E,e,4,7.22,13.1,11,
6/18/2019 8:19,D03E,s,1,6.6,13.6,12,
6/18/2019 8:20,D03E,s,2,6.67,13.6,12,
6/18/2019 8:21,D03E,w,1,4.99,13.3,11,
6/18/2019 8:22,D03E,w,2,4.8,13.3,11,
6/18/2019 8:29,D04E,c,2,2.57,15.8,11,first reading in licor bad
6/18/2019 8:30,D04E,c,3,2.47,15.8,11,
6/18/2019 8:32,D04E,c,4,2.43,15.8,11,
6/18/2019 8:34,D04E,n,1,2.37,15.9,8,
6/18/2019 8:35,D04E,n,2,2.4,15.9,8,
6/18/2019 8:37,D04E,e,1,3.43,13.6,10,
6/18/2019 8:38,D04E,e,2,3.25,13.6,10,
6/18/2019 8:40,D04E,s,1,4.65,14,10,
6/18/2019 8:41,D04E,s,2,4.5,14,10,
6/18/2019 8:42,D04E,w,1,4.38,13.9,10,
6/18/2019 8:43,D04E,w,2,4.39,13.9,10,
6/18/2019 8:48,D04W,n,2,2.08,13.7,12,first reading in licor bad
6/18/2019 8:49,D04W,n,3,2.08,13.7,12,
6/18/2019 8:51,D04W,e,1,3.23,14.5,10,
6/18/2019 8:52,D04W,e,2,3.09,14.5,10,
6/18/2019 8:53,D04W,s,1,3.75,13.7,11,
6/18/2019 8:54,D04W,s,2,3.55,13.7,11,
6/18/2019 8:56,D04W,w,1,6.4,14.5,11,
6/18/2019 8:57,D04W,w,2,6.08,14.5,11,
6/18/2019 9:01,D02E,c,1,4.88,13.6,12,
6/18/2019 9:02,D02E,c,2,4.91,13.6,12,
6/18/2019 9:05,D02E,n,1,3.69,14.6,11,
6/18/2019 9:06,D02E,n,2,3.55,14.6,11,
6/18/2019 9:08,D02E,e,1,4.58,12.4,14,
6/18/2019 9:09,D02E,e,2,4.71,12.4,14,
6/18/2019 9:11,D02E,s,1,4.96,14.4,11,
6/18/2019 9:11,D02E,s,2,4.57,14.4,11,
6/18/2019 9:14,D02E,w,1,3.33,14,9,
6/18/2019 9:14,D02E,w,2,3.42,14,9,
6/18/2019 9:16,D02W,c,1,7.15,14.1,13,
6/18/2019 9:17,D02W,c,2,7.45,14.1,13,
6/18/2019 9:19,D02W,n,1,2.77,14.2,10,
6/18/2019 9:20,D02W,n,2,2.82,14.2,10,
6/18/2019 9:22,D02W,w,1,4.41,15.2,9,
6/18/2019 9:23,D02W,w,2,4.16,15.2,9,
6/18/2019 9:26,D02W,s,2,4.03,15.1,9,first reading in licor bad
6/18/2019 9:27,D02W,s,3,4.14,15.1,9,
6/18/2019 9:29,D02W,e,1,3.63,14.8,12,
6/18/2019 9:30,D02W,e,2,3.86,14.8,12,
6/18/2019 9:40,D01W,c,1,2.73,13.7,9,
6/18/2019 9:41,D01W,c,2,2.76,13.7,9,
6/18/2019 9:43,D01W,n,1,2.76,14.4,9,
6/18/2019 9:44,D01W,n,2,2.8,14.4,9,
6/18/2019 9:46,D01W,w,1,5.15,13,8,
6/18/2019 9:47,D01W,w,2,5.32,13,8,
6/18/2019 9:49,D01W,s,1,3.11,14.6,8,
6/18/2019 9:49,D01W,s,2,3.16,14.6,8,
6/18/2019 9:51,D01W,e,1,2.96,13.4,9,
6/18/2019 9:52,D01W,e,2,2.92,13.4,9,
6/18/2019 9:54,D01E,c,1,3.77,14.3,11,
6/18/2019 9:55,D01E,c,2,3.78,14.3,11,
6/18/2019 9:57,D01E,n,1,2.65,14.4,7,
6/18/2019 9:58,D01E,n,2,2.56,14.4,7,
6/18/2019 10:03,D01E,s,1,3.72,14.4,8,
6/18/2019 10:04,D01E,s,2,3.49,14.4,8,
6/18/2019 10:07,D01E,e,1,1.97,14.5,13,
6/18/2019 10:08,D01E,e,2,1.95,14.5,13,
6/18/2019 10:10,D01E,w,1,3.08,14.6,11,
6/18/2019 10:11,D01E,w,2,3.13,14.6,11,End time: 12.06pm
NA,D02W,c,3,8.87,18.1,9,start time: 1.21pm
NA,D02W,c,4,7.3,18.1,9,
NA,D02W,n,1,4.5,18.7,8,
NA,D02W,n,2,4.31,18.7,8,
NA,D02W,w,1,4.85,19.2,21,
NA,D02W,w,2,4.7,19.2,21,
NA,D02W,s,1,5.93,19.6,10,
NA,D02W,s,2,6.06,19.6,10,
NA,D02W,e,1,4.94,17.9,8,
NA,D02W,e,2,4.94,17.9,8,
NA,D02E,c,4,5.88,18.1,11,
NA,D02E,c,5,6.64,18.1,11,
NA,D02E,n,1,6.14,19.2,8,
NA,D02E,n,2,6.07,19.2,8,
NA,D02E,w,3,4.42,18.3,9,
NA,D02E,w,4,4.67,18.3,9,
NA,D02E,s,1,5.49,18.9,13,
NA,D02E,s,2,5.12,18.9,13,
NA,D02E,e,1,6.64,16.3,12,
NA,D02E,e,2,7.19,16.3,12,
NA,D04W,n,1,2.62,18.5,10,
NA,D04W,n,2,2.73,18.5,10,
NA,D04W,w,1,8.04,19.1,13,
NA,D04W,w,2,7.89,19.1,13,
NA,D04W,s,1,4.19,18.8,13,
NA,D04W,s,2,4.25,18.8,13,
NA,D04W,e,1,3.62,20.5,10,
NA,D04W,e,2,3.52,20.5,10,
NA,D04E,c,1,3.32,21.8,9,
NA,D04E,c,2,3.35,21.8,9,
NA,D04E,n,1,3.03,22.8,8,
NA,D04E,n,2,2.92,22.8,8,
NA,D04E,e,1,4.14,18.8,9,
NA,D04E,e,2,4.38,18.8,9,
NA,D04E,s,3,7.27,18.5,10,
NA,D04E,s,4,6.64,18.5,10,
NA,D04E,w,1,6.45,18.3,8,
NA,D04E,w,2,6.3,18.3,8,
NA,D03E,c,1,7.04,17.5,11,
NA,D03E,c,2,7.56,17.5,11,
NA,D03E,n,1,3.18,18.5,6,
NA,D03E,n,2,3.02,18.5,6,
NA,D03E,e,1,12.7,17.4,10,
NA,D03E,e,2,12.1,17.4,10,
NA,D03E,s,1,10.3,17.6,14,
NA,D03E,s,2,9.8,17.6,14,
NA,D03E,w,1,6.28,17.6,12,
NA,D03E,w,2,6.57,17.6,12,
NA,D03W,c,1,5.66,17.7,8,
NA,D03W,c,2,5.6,17.7,8,
NA,D03W,n,1,10.3,18.7,8,
NA,D03W,n,2,11.1,18.7,8,
NA,D03W,e,1,9.46,17.6,9,
NA,D03W,e,2,10.3,17.6,9,
NA,D03W,s,3,9.72,16.6,9,
NA,D03W,s,4,10.5,16.6,9,
NA,D03W,w,1,3.75,19.1,5,
NA,D03W,w,2,3.6,19.1,5,
NA,D01E,c,1,6.97,18.4,13,
NA,D01E,c,2,6.29,18.4,13,
NA,D01E,n,1,4.16,19,7,
NA,D01E,n,2,4.07,19,7,
NA,D01E,e,1,2.63,18.7,11,
NA,D01E,e,2,2.62,18.7,11,
NA,D01E,s,1,7.91,18.9,6,
NA,D01E,s,2,7.7,18.9,6,
NA,D01E,w,1,5.47,18.2,11,
NA,D01E,w,2,5.07,18.2,11,
NA,D01W,c,1,3.77,18.1,9,
NA,D01W,c,2,3.93,18.1,9,
NA,D01W,n,1,4.37,19.1,10,
NA,D01W,n,2,4.51,19.1,10,
NA,D01W,w,1,8.45,17.3,9,
NA,D01W,w,2,7.8,17.3,9,
NA,D01W,s,1,5.23,19.1,7,
NA,D01W,s,2,5.05,19.1,7,
NA,D01W,e,1,5.08,17.7,8,
NA,D01W,e,2,4.88,17.7,8,
NA,D04E,c,1,4.88,22.7,10,
NA,D04E,c,2,4.37,22.7,10,
NA,D04E,n,1,4.13,22.68,6,
NA,D04E,n,2,4.08,22.68,6,
NA,D04E,e,1,5.02,19.57,6,
NA,D04E,e,2,4.97,19.57,6,
NA,D04E,s,1,10.6,19.65,7,
NA,D04E,s,2,9.53,19.65,7,
NA,D04E,w,1,8.4,19.9,3,
NA,D04E,w,2,7.82,19.9,3,
NA,D04W,n,1,3.46,19.34,9,
NA,D04W,n,2,3.25,19.34,9,
NA,D04W,e,3,3.8,20.94,13,
NA,D04W,e,4,4.05,20.94,13,
NA,D04W,s,1,5.18,19.52,8,
NA,D04W,s,2,5.03,19.52,8,
NA,D04W,w,3,9.37,19.95,8,
NA,D04W,w,4,9.4,19.95,8,
NA,D01W,c,1,5.55,19.85,9,
NA,D01W,c,2,5.25,19.85,9,
NA,D01W,n,1,5.05,20.61,8,
NA,D01W,n,2,5,20.61,8,
NA,D01W,w,3,13,19.07,6,
NA,D01W,w,4,10.4,19.07,6,
NA,D01W,s,1,6.22,21.11,6,
NA,D01W,s,2,6.14,21.11,6,
NA,D01W,e,1,6.79,19.79,7,
NA,D01W,e,2,6.37,19.79,7,
NA,D01E,c,1,6.6,20.14,8,
NA,D01E,c,2,6.3,20.14,8,
NA,D01E,n,1,5.53,20.29,8,
NA,D01E,n,2,4.96,20.29,8,
NA,D01E,e,1,3.4,20.76,12,
NA,D01E,e,2,3.19,20.76,12,
NA,D01E,w,1,5.91,20.15,10,
NA,D01E,w,2,6.03,20.15,10,
NA,D01E,s,3,5.72,20.46,6,
NA,D01E,s,4,5.42,20.46,6,
NA,D03E,c,1,8.39,19.37,8,
NA,D03E,c,2,7.61,19.37,8,
NA,D03E,n,1,3.45,19.86,10,
NA,D03E,n,2,3.52,19.86,10,
NA,D03E,e,1,12.2,19.49,9,
NA,D03E,e,2,11.6,19.49,9,
NA,D03E,s,1,10.2,19.14,11,
NA,D03E,s,2,9.6,19.14,11,
NA,D03E,w,1,6.14,20.25,11,
NA,D03E,w,2,6.29,20.25,11,
NA,D03W,c,1,7.08,19.3,8,
NA,D03W,c,2,6.89,19.3,8,
NA,D03W,n,3,7.02,19.94,9,
NA,D03W,n,4,6.92,19.94,9,
NA,D03W,e,1,4.7,19.51,7,
NA,D03W,e,2,4.82,19.51,7,
NA,D03W,s,5,12.6,18.48,10,
NA,D03W,s,6,12.2,18.48,10,
NA,D03W,w,1,4.65,21.31,4,
NA,D03W,w,2,4.95,21.31,4,
NA,D02W,c,3,9.88,20.82,10,
NA,D02W,c,4,8.06,20.82,10,
NA,D02W,n,6,4.21,21.15,8,
NA,D02W,n,7,4.53,21.15,8,
NA,D02W,w,1,4.23,22.37,8,
NA,D02W,w,2,4.44,22.37,8,
NA,D02W,s,1,5.08,23.05,10,
NA,D02W,s,2,4.69,23.05,10,
NA,D02W,e,3,5.08,21.24,12,
NA,D02W,e,4,4.72,21.24,12,
NA,D02E,c,3,5.9,21.2,10,
NA,D02E,c,4,6.59,21.2,10,
NA,D02E,n,1,6.78,24.12,8,
NA,D02E,n,2,7.33,24.12,8,
NA,D02E,w,3,4.43,20.81,9,
NA,D02E,w,4,3.94,20.81,9,
NA,D02E,s,1,4.83,21.52,9,
NA,D02E,s,2,4.87,21.52,9,
NA,D02E,e,3,9.46,18.64,7,
NA,D02E,e,4,10.1,18.64,7,
NA,D01W,c,1,3.36,16.52,12,"start at 9:00 am, sunny, drizzle in the last 24"
NA,D01W,c,2,3.63,16.52,12,
NA,D01W,n,1,3.51,16.15,13,
NA,D01W,n,2,3.56,16.15,13,
NA,D01W,w,1,8.6,16.48,7,
NA,D01W,w,2,8.64,16.48,7,
NA,D01W,s,1,5.69,16.31,14,
NA,D01W,s,2,5.46,16.31,14,
NA,D01W,e,1,4.68,16.41,8,
NA,D01W,e,2,4.37,16.41,8,
NA,D01E,c,3,6.21,16.37,10,"humidity was at 80% during runs 1&2, turned dessicant scrub on"
NA,D01E,c,4,6.09,16.37,10,
NA,D01E,n,1,4.6,16.41,10,
NA,D01E,n,2,4.12,16.41,10,
NA,D01E,e,1,2.23,16.33,11,
NA,D01E,e,2,2,16.33,11,
NA,D01E,s,1,7.75,16.77,6,
NA,D01E,s,2,7.8,16.77,6,
NA,D01E,w,1,5.05,16.85,12,
NA,D01E,w,2,4.51,16.85,12,
NA,D02E,c,1,4.8,16.43,11,
NA,D02E,c,2,4.7,16.43,11,
NA,D02E,n,1,4.59,17,7,
NA,D02E,n,2,4.95,17,7,
NA,D02E,e,1,6.68,16.09,8,
NA,D02E,e,2,7.19,16.09,8,
NA,D02E,s,1,4.08,17.22,12,
NA,D02E,s,2,4.11,17.22,12,
NA,D02E,w,3,3.6,16.62,11,
NA,D02E,w,4,3.5,16.62,11,
NA,D02W,c,5,6.53,17.37,11,
NA,D02W,c,6,7.54,17.37,11,
NA,D02W,n,3,3.17,16.64,11,
NA,D02W,n,4,3.36,16.64,11,
NA,D02W,e,1,4.27,16.33,10,
NA,D02W,e,2,4.31,16.33,10,
NA,D02W,s,1,3.39,16.85,10,
NA,D02W,s,2,3.31,16.85,10,
NA,D02W,w,1,3.15,17.42,10,
NA,D02W,w,2,3.35,17.42,10,
NA,D04E,c,5,3.11,17.59,14,
NA,D04E,c,6,3.31,17.59,14,
NA,D04E,n,3,3.28,17.36,9,
NA,D04E,n,4,3.02,17.36,9,
NA,D04E,e,3,3.95,16.56,8,
NA,D04E,e,4,3.75,16.56,8,
NA,D04E,s,1,6.49,17.24,10,
NA,D04E,s,2,6.43,17.24,10,
NA,D04E,w,1,6.42,17.43,9,
NA,D04E,w,2,6.8,17.43,9,
NA,D04W,n,1,2.68,16.28,10,
NA,D04W,n,2,2.4,16.28,10,
NA,D04W,w,5,7.18,17.09,8,
NA,D04W,w,6,7.18,17.09,8,
NA,D04W,s,1,3.96,16.38,13,
NA,D04W,s,2,4.03,16.38,13,
NA,D04W,e,1,2.61,17.68,5,
NA,D04W,e,2,2.73,17.68,5,
NA,D03E,c,1,6.51,16.71,8,
NA,D03E,c,2,7.75,16.71,8,
NA,D03E,n,1,3.49,17.5,9,
NA,D03E,n,2,3.25,17.5,9,
NA,D03E,e,1,8.8,17.21,9,
NA,D03E,e,2,9.69,17.21,9,
NA,D03E,s,1,8.74,17.5,13,
NA,D03E,s,2,8.43,17.5,13,
NA,D03E,w,1,5.71,16.96,14,
NA,D03E,w,2,5.98,16.96,14,
NA,D03W,c,1,6.13,17.5,8,
NA,D03W,c,2,5.71,17.5,8,
NA,D03W,n,3,5.95,17.66,9,
NA,D03W,n,4,6.31,17.66,9,
NA,D03W,w,3,4.23,17.35,5,
NA,D03W,w,4,3.94,17.35,5,
NA,D03W,s,5,7.97,16.55,7,
NA,D03W,s,6,8.28,16.55,7,
NA,D03W,e,1,3.85,17.09,11,
NA,D03W,e,2,4.08,17.09,11,ended at 12:18
NA,D01E,c,1,6.62,19.83,11,start 12:35
NA,D01E,c,2,6.77,19.83,11,
NA,D01E,n,1,4.65,19.89,10,
NA,D01E,n,2,4.84,19.89,10,
NA,D01E,e,1,3.21,20.69,13,
NA,D01E,e,2,3.2,20.69,13,
NA,D01E,s,5,7.2,20.05,4,
NA,D01E,s,6,7.91,20.05,4,
NA,D01E,w,1,6.68,19.71,9,
NA,D01E,w,2,6.85,19.71,9,
NA,D01W,c,3,6,19.7,5,
NA,D01W,c,4,6.47,19.7,5,
NA,D01W,n,1,5.56,20.28,9,
NA,D01W,n,2,5.57,20.28,9,
NA,D01W,w,5,12,18.98,7,
NA,D01W,w,6,11.3,18.98,7,
NA,D01W,s,3,6.91,20.88,7,
NA,D01W,s,4,7.18,20.88,7,
NA,D01W,e,5,7.05,19.75,5,
NA,D01W,e,6,6.81,19.75,5,
NA,D03W,c,3,6.07,19.94,13,
NA,D03W,c,4,5.81,19.94,13,
NA,D03W,n,5,6.33,20.62,8,
NA,D03W,n,6,6.51,20.62,8,
NA,D03W,w,5,4.92,20.6,4,
NA,D03W,w,6,4.71,20.6,4,
NA,D03W,s,1,13.1,18.57,7,
NA,D03W,s,2,9.87,18.57,7,
NA,D03W,e,1,10.4,19.96,6,
NA,D03W,e,2,9.72,19.96,6,
NA,D03E,c,1,9.04,19.82,6,
NA,D03E,c,2,8.71,19.82,6,
NA,D03E,n,3,3.34,20.12,9,
NA,D03E,n,4,3.21,20.12,9,
NA,D03E,e,1,9.49,19.42,8,
NA,D03E,e,2,10.04,19.42,8,
NA,D03E,s,5,11.6,20.43,9,
NA,D03E,s,6,11.5,20.43,9,
NA,D03E,w,1,7.46,19.76,10,
NA,D03E,w,2,6.97,19.76,10,
NA,D04E,c,1,4.57,24.83,14,
NA,D04E,c,2,4.24,24.83,14,
NA,D04E,n,1,3.65,26.91,6,
NA,D04E,n,2,3.88,26.91,6,
NA,D04E,e,3,5.02,20.38,15,
NA,D04E,e,4,5.41,20.38,15,
NA,D04E,s,1,8.03,20.53,9,
NA,D04E,s,2,7.13,20.53,9,
NA,D04E,w,1,7.75,20.27,6,
NA,D04E,w,2,7.39,20.27,6,
NA,D04W,n,1,2.47,20.04,8,
NA,D04W,n,2,2.71,20.04,8,
NA,D04W,e,1,3.75,24.13,4,
NA,D04W,e,2,3.53,24.13,4,
NA,D04W,s,3,4.7,20.87,10,
NA,D04W,s,4,4.29,20.87,10,
NA,D04W,w,5,9.43,24.02,7,
NA,D04W,w,6,9.32,24.02,7,
NA,D02E,c,1,6.92,20.97,9,
NA,D02E,c,2,7.29,20.97,9,
NA,D02E,n,3,6.4,22.61,7,
NA,D02E,n,4,6.95,22.61,7,
NA,D02E,e,3,8.62,18.55,7,
NA,D02E,e,4,7.72,18.55,7,
NA,D02E,s,1,4.7,21.28,11,
NA,D02E,s,2,4.34,21.28,11,
NA,D02E,w,3,5.33,20.26,7,
NA,D02E,w,4,4.93,20.26,7,
NA,D02W,c,3,13,21.11,8,
NA,D02W,c,4,13.5,21.11,8,
NA,D02W,n,1,4.38,21.98,9,
NA,D02W,n,2,4.4,21.98,9,
NA,D02W,e,1,4.72,20.5,7,
NA,D02W,e,2,4.74,20.5,7,
NA,D02W,s,1,4.36,23.13,8,
NA,D02W,s,2,4.71,23.13,8,
NA,D02W,w,1,4.45,23,8,
NA,D02W,w,2,4,23,8,
NA,D01E,c,1,10.2,18.8,5,sunny no rain; start 12.54pm
NA,D01E,c,2,9.08,18.8,5,
NA,D01E,n,1,4.3,18.41,5,
NA,D01E,n,2,4.37,18.41,5,
NA,D01E,e,1,3.28,19.02,10,
NA,D01E,e,2,3.08,19.02,10,
NA,D01E,s,3,10.7,19.16,3,
NA,D01E,s,4,11.3,19.16,3,
NA,D01E,w,1,5.81,18.73,5,
NA,D01E,w,2,6.22,18.73,5,
NA,D01W,c,3,5.37,18.68,4,
NA,D01W,c,4,5.56,18.68,4,
NA,D01W,n,1,4.33,19,7,
NA,D01W,n,2,4.33,19,7,
NA,D01W,w,5,10.7,18.68,3,
NA,D01W,w,6,10.3,18.68,3,
NA,D01W,s,1,6.3,19.64,5,
NA,D01W,s,2,6.32,19.64,5,
NA,D01W,e,5,6.24,18.92,4,
NA,D01W,e,6,6.96,18.92,4,
NA,D02W,c,3,6.9,19.25,6,
NA,D02W,c,4,6.58,19.25,6,
NA,D02W,n,1,3.59,19.29,7,
NA,D02W,n,2,3.9,19.29,7,
NA,D02W,w,3,3.69,21.24,7,
NA,D02W,w,4,3.64,21.24,7,
NA,D02W,s,1,3.4,21.58,8,
NA,D02W,s,2,3.34,21.58,8,
NA,D02W,e,1,4.19,19.02,7,
NA,D02W,e,2,4.25,19.02,7,
NA,D02E,c,1,4.55,18.68,11,
NA,D02E,c,2,4.93,18.68,11,
NA,D02E,n,1,4.73,20.21,5,
NA,D02E,n,2,4.92,20.21,5,
NA,D02E,w,5,4.51,18.59,6,
NA,D02E,w,6,4.22,18.59,6,
NA,D02E,s,1,4.23,19.41,5,
NA,D02E,s,2,3.92,19.41,5,
NA,D02E,e,1,8.95,17.73,6,
NA,D02E,e,2,9.3,17.71,6,
NA,D04W,n,1,2.05,19.19,10,
NA,D04W,n,2,2.17,19.19,10,
NA,D04W,w,5,10.6,22.84,4,
NA,D04W,w,6,9.1,22.84,4,
NA,D04W,s,3,4.9,19.16,4,
NA,D04W,s,4,4.72,19.16,4,
NA,D04W,e,1,3.34,21.03,6,
NA,D04W,e,2,3.1,21.03,6,
NA,D04E,c,1,3.7,23.67,6,
NA,D04E,c,2,4.01,23.67,6,
NA,D04E,n,5,2.89,25.4,4,
NA,D04E,n,6,2.8,25.4,4,
NA,D04E,e,3,3.61,19.34,4,
NA,D04E,e,4,3.69,19.34,4,
NA,D04E,s,1,6.97,19.5,6,
NA,D04E,s,2,5.57,19.5,6,
NA,D04E,w,1,5.66,19.69,5,
NA,D04E,w,2,6.05,19.69,5,
NA,D03W,c,1,6.65,19.42,7,
NA,D03W,c,2,6.45,19.42,7,
NA,D03W,n,1,5.12,19.77,5,
NA,D03W,n,2,5.5,19.77,5,
NA,D03W,w,1,4.22,20.06,6,
NA,D03W,w,2,4.33,20.06,6,
NA,D03W,s,5,7.78,18.24,4,
NA,D03W,s,6,10.5,18.24,4,
NA,D03W,e,3,4.64,19.08,5,
NA,D03W,e,4,4.93,19.08,5,
NA,D03E,c,1,6.75,19.12,5,
NA,D03E,c,2,7.27,19.12,5,
NA,D03E,n,1,3.36,19.39,6,
NA,D03E,n,2,3.14,19.29,6,
NA,D03E,e,5,9.04,18.7,5,
NA,D03E,e,6,8.82,18.7,5,
NA,D03E,s,1,8.88,19.16,5,
NA,D03E,s,2,8.36,19.16,5,
NA,D03E,w,5,8.7,19.36,8,
NA,D03E,w,6,5.04,19.36,8,
NA,D04E,c,3,3.41,21.08,7,
NA,D04E,c,4,3.48,21.08,7,
NA,D04E,n,1,2.32,18.61,6,
NA,D04E,n,2,2.12,18.61,6,
NA,D04E,e,1,3.5,17.23,5,
NA,D04E,e,2,3.39,17.23,5,
NA,D04E,s,3,6.71,18.19,10,
NA,D04E,s,4,6.89,18.19,10,
NA,D04E,w,5,7.08,18.85,4,
NA,D04E,w,6,5.83,18.85,4,
NA,D04W,n,5,2,16.85,7,
NA,D04W,n,6,2.03,16.85,7,
NA,D04W,e,1,2.52,18.62,5,
NA,D04W,e,2,2.66,18.62,5,
NA,D04W,s,3,4.39,17.43,7,
NA,D04W,s,4,4.32,17.43,7,
NA,D04W,w,1,7.06,20.16,6,
NA,D04W,w,2,7.22,20.16,6,
NA,D03E,c,1,7.81,17.37,6,
NA,D03E,c,2,7.44,17.37,6,
NA,D03E,n,1,3,17.39,7,
NA,D03E,n,2,3.33,17.39,7,
NA,D03E,e,1,10.5,17.55,5,
NA,D03E,e,2,10.1,17.55,5,
NA,D03E,s,5,11.3,18.01,10,
NA,D03E,s,6,10.5,18.01,10,
NA,D03E,w,1,6.9,17.79,8,
NA,D03E,w,2,6.6,17.79,8,
NA,D03W,c,3,5.28,18.54,7,
NA,D03W,c,4,5.03,18.54,7,
NA,D03W,n,1,5.17,18.55,7,
NA,D03W,n,2,4.98,18.55,7,
NA,D03W,e,3,3.84,17.59,8,
NA,D03W,e,4,3.76,17.59,8,
NA,D03W,s,5,9.1,17.74,7,
NA,D03W,s,6,9.95,17.74,7,
NA,D03W,w,1,3.61,18.14,4,
NA,D03W,w,2,3.58,18.14,4,
NA,D01W,c,1,5.32,17.66,5,
NA,D01W,c,2,5.12,17.66,5,
NA,D01W,n,1,3.54,17.84,7,
NA,D01W,n,2,3.69,17.84,7,
NA,D01W,w,1,12.2,17.76,4,
NA,D01W,w,2,12.9,17.76,4,
NA,D01W,s,3,6.63,18.58,6,
NA,D01W,s,4,6.93,18.58,6,
NA,D01W,e,5,6.42,18,5,
NA,D01W,e,6,6.4,18,5,
NA,D01E,c,1,6.32,18.4,8,
NA,D01E,c,2,6.62,18.4,8,
NA,D01E,n,1,4.22,17.84,7,
NA,D01E,n,2,3.8,17.84,7,
NA,D01E,e,1,3.18,18.14,9,
NA,D01E,e,2,3.45,18.14,9,
NA,D01E,s,5,7.71,18.42,8,
NA,D01E,s,6,6.52,18.42,8,
NA,D01E,w,1,4.85,18.2,7,
NA,D01E,w,2,5.24,18.2,7,
NA,D02W,c,1,7.14,18.8,7,
NA,D02W,c,2,6.78,18.8,7,
NA,D02W,n,3,3.07,18.77,7,
NA,D02W,n,4,3.25,18.77,7,
NA,D02W,w,3,2.96,20.91,10,
NA,D02W,w,4,2.99,20.91,10,
NA,D02W,s,1,2.53,20.45,11,
NA,D02W,s,2,2.64,20.45,11,
NA,D02W,e,1,4.2,17.9,7,
NA,D02W,e,2,4.22,17.9,7,
NA,D02E,c,1,4.77,17.8,7,
NA,D02E,c,2,4.82,17.8,7,
NA,D02E,n,1,4.57,21.58,7,
NA,D02E,n,2,4.53,21.58,7,
NA,D02E,e,5,6.99,17.29,9,
NA,D02E,e,6,7.91,17.29,9,
NA,D02E,s,3,4.27,18.88,8,
NA,D02E,s,4,4.59,18.88,8,
NA,D02E,w,3,3.96,18.72,8,
NA,D02E,w,4,3.74,18.72,8,
NA,D01W,c,1,0.553,1.6,9.6,start ~10am; cloudy
NA,D01W,c,2,0.575,1.6,9.6,
NA,D01W,n,1,0.583,1.1,12.1,
NA,D01W,n,2,0.519,1.1,12.1,
NA,D01W,s,1,0.79,1.3,11.4,
NA,D01W,s,2,0.739,1.3,11.4,
NA,D01E,c,1,1.18,1.7,10.6,
NA,D01E,c,2,1.14,1.7,10.6,
NA,D01E,n,1,0.87,1.7,9.4,
NA,D01E,n,2,0.811,1.7,9.4,
NA,D01E,s,1,1.09,1.9,8.4,
NA,D01E,s,2,1.03,1.9,8.4,
NA,D03W,c,1,1.1,2.7,9.2,
NA,D03W,c,2,1.01,2.7,9.2,
NA,D03W,n,1,1.05,2.3,9.5,
NA,D03W,n,2,1.02,2.3,9.5,
NA,D03W,s,1,3.3,3.4,14.9,
NA,D03W,s,2,3.82,3.4,14.9,
NA,D03E,c,1,1.79,2.4,8.3,
NA,D03E,c,2,1.8,2.4,8.3,
NA,D03E,n,1,0.9,1.9,8.4,
NA,D03E,n,2,0.838,1.9,8.4,
NA,D03E,s,1,1.71,3.2,8.4,
NA,D03E,s,2,1.62,3.2,8.4,
NA,D04W,n,1,0.861,1.5,8.2,"D04WC collar was missing, skipped"
NA,D04W,n,2,0.784,1.5,8.2,
NA,D04W,s,1,0.927,1.7,9.5,
NA,D04W,s,2,0.94,1.7,9.5,
NA,D04E,c,1,0.609,0.8,12.4,
NA,D04E,c,2,0.542,0.8,12.4,
NA,D04E,n,1,0.397,0.7,11.5,
NA,D04E,n,2,0.4,0.7,11.5,
NA,D04E,s,1,1.47,2.6,12.1,
NA,D04E,s,2,1.3,2.6,12.1,
NA,D02E,c,1,1.69,2.3,10.9,
NA,D02E,c,2,1.58,2.3,10.9,
NA,D02E,n,1,0.785,1.5,7.9,
NA,D02E,n,2,0.774,1.5,7.9,
NA,D02E,s,1,1.17,1.7,11.3,
NA,D02E,s,2,1.06,1.7,11.3,
NA,D02W,c,1,1.34,2.7,13.5,
NA,D02W,c,2,1.35,2.7,13.5,
NA,D02W,n,1,1.26,1.9,9.1,
NA,D02W,n,2,1.08,1.9,9.1,
NA,D02W,s,1,0.807,1.7,9.1,
NA,D02W,s,2,0.779,1.7,9.1,end 12:41p
